transaction_id,date,store_id,product_category,sales_amount,quantity,day_of_week,day_of_month,is_weekend,week_of_month
S01_20240121_0000,2024-01-21,S01,Footwear,34024.0,2.0,Sunday,21,True,3
S01_20240118_0000,2024-01-18,S01,Women's Apparel,38444.0,4.0,Thursday,18,False,3
S01_20240125_0000,2024-01-25,S01,Women's Apparel,34722.0,3.0,Thursday,25,False,4
S01_20240104_0000,2024-01-04,S01,Footwear,33507.0,3.0,Thursday,4,False,1
S01_20240107_0000,2024-01-07,S01,Footwear,46401.0,3.0,Sunday,7,True,1
S01_20240128_0000,2024-01-28,S01,Footwear,68432.0,4.0,Sunday,28,True,4
S01_20240106_0000,2024-01-06,S01,Men's Apparel,22296.0,3.0,Saturday,6,True,1
S01_20240121_0001,2024-01-21,S01,Footwear,68035.0,5.0,Sunday,21,True,3
S01_20240115_0000,2024-01-15,S01,Kids,36210.0,5.0,Monday,15,False,3
S01_20240127_0000,2024-01-27,S01,Footwear,27153.0,3.0,Saturday,27,True,4
S01_20240107_0001,2024-01-07,S01,Accessories,47868.0,4.0,Sunday,7,True,1
S01_20240115_0001,2024-01-15,S01,Women's Apparel,16574.0,2.0,Monday,15,False,3
S01_20240109_0000,2024-01-09,S01,Accessories,96484.0,4.0,Tuesday,9,False,2
S01_20240117_0000,2024-01-17,S01,Kids,2385.0,1.0,Wednesday,17,False,3
S01_20240126_0000,2024-01-26,S01,Kids,10080.0,4.0,Friday,26,False,4
S01_20240117_0001,2024-01-17,S01,Men's Apparel,29380.0,5.0,Wednesday,17,False,3
S01_20240111_0000,2024-01-11,S01,Footwear,44492.0,2.0,Thursday,11,False,2
S01_20240129_0000,2024-01-29,S01,Men's Apparel,12317.0,1.0,Monday,29,False,5
S01_20240127_0001,2024-01-27,S01,Accessories,23034.0,2.0,Saturday,27,True,4
S01_20240118_0001,2024-01-18,S01,Accessories,73878.0,3.0,Thursday,18,False,3
S01_20240130_0000,2024-01-30,S01,Men's Apparel,7923.0,1.0,Tuesday,30,False,5
S01_20240131_0000,2024-01-31,S01,Footwear,23924.0,1.0,Wednesday,31,False,5
S01_20240125_0001,2024-01-25,S01,Women's Apparel,67236.0,4.0,Thursday,25,False,4
S01_20240109_0001,2024-01-09,S01,Accessories,37730.0,2.0,Tuesday,9,False,2
S01_20240123_0000,2024-01-23,S01,Women's Apparel,37611.0,3.0,Tuesday,23,False,4
S01_20240115_0002,2024-01-15,S01,Footwear,15362.0,1.0,Monday,15,False,3
S01_20240118_0002,2024-01-18,S01,Women's Apparel,6117.0,1.0,Thursday,18,False,3
S01_20240108_0000,2024-01-08,S01,Footwear,18827.0,1.0,Monday,8,False,2
S01_20240122_0000,2024-01-22,S01,Kids,12834.0,2.0,Monday,22,False,4
S01_20240119_0000,2024-01-19,S01,Kids,23496.0,4.0,Friday,19,False,3
S01_20240122_0001,2024-01-22,S01,Kids,21876.0,4.0,Monday,22,False,4
S01_20240102_0000,2024-01-02,S01,Footwear,63579.0,3.0,Tuesday,2,False,1
S01_20240126_0001,2024-01-26,S01,Accessories,33285.0,5.0,Friday,26,False,4
S01_20240130_0001,2024-01-30,S01,Women's Apparel,50632.0,4.0,Tuesday,30,False,5
S01_20240129_0001,2024-01-29,S01,Footwear,20418.0,1.0,Monday,29,False,5
S01_20240130_0002,2024-01-30,S01,Kids,27325.0,5.0,Tuesday,30,False,5
S01_20240105_0000,2024-01-05,S01,Women's Apparel,9566.0,1.0,Friday,5,False,1
S01_20240102_0001,2024-01-02,S01,Men's Apparel,24105.0,5.0,Tuesday,2,False,1
S01_20240108_0001,2024-01-08,S01,Accessories,31510.0,5.0,Monday,8,False,2
S01_20240117_0002,2024-01-17,S01,Men's Apparel,22038.0,3.0,Wednesday,17,False,3
S01_20240105_0001,2024-01-05,S01,Men's Apparel,9180.0,1.0,Friday,5,False,1
S01_20240104_0001,2024-01-04,S01,Footwear,74920.0,5.0,Thursday,4,False,1
S01_20240129_0002,2024-01-29,S01,Footwear,60324.0,3.0,Monday,29,False,5
S01_20240123_0001,2024-01-23,S01,Men's Apparel,74710.0,5.0,Tuesday,23,False,4
S01_20240104_0002,2024-01-04,S01,Women's Apparel,7891.0,1.0,Thursday,4,False,1
S01_20240109_0002,2024-01-09,S01,Men's Apparel,19234.0,2.0,Tuesday,9,False,2
S01_20240117_0003,2024-01-17,S01,Kids,2416.0,1.0,Wednesday,17,False,3
S01_20240102_0002,2024-01-02,S01,Footwear,36858.0,3.0,Tuesday,2,False,1
S01_20240118_0003,2024-01-18,S01,Kids,2079.0,1.0,Thursday,18,False,3
S01_20240108_0002,2024-01-08,S01,Footwear,106580.0,5.0,Monday,8,False,2
S01_20240128_0001,2024-01-28,S01,Women's Apparel,12755.0,1.0,Sunday,28,True,4
S01_20240126_0002,2024-01-26,S01,Kids,8370.0,2.0,Friday,26,False,4
S01_20240113_0000,2024-01-13,S01,Footwear,30576.0,2.0,Saturday,13,True,2
S01_20240112_0000,2024-01-12,S01,Men's Apparel,7652.0,1.0,Friday,12,False,2
S01_20240111_0001,2024-01-11,S01,Men's Apparel,25719.0,3.0,Thursday,11,False,2
S01_20240122_0002,2024-01-22,S01,Accessories,5904.0,1.0,Monday,22,False,4
S01_20240106_0001,2024-01-06,S01,Accessories,6253.0,1.0,Saturday,6,True,1
S01_20240124_0000,2024-01-24,S01,Men's Apparel,69660.0,5.0,Wednesday,24,False,4
S01_20240109_0003,2024-01-09,S01,Footwear,40275.0,5.0,Tuesday,9,False,2
S01_20240122_0003,2024-01-22,S01,Women's Apparel,13066.0,1.0,Monday,22,False,4
S01_20240120_0000,2024-01-20,S01,Men's Apparel,44600.0,5.0,Saturday,20,True,3
S01_20240111_0002,2024-01-11,S01,Kids,13082.0,2.0,Thursday,11,False,2
S01_20240131_0001,2024-01-31,S01,Kids,35210.0,5.0,Wednesday,31,False,5
S01_20240127_0002,2024-01-27,S01,Footwear,34802.0,2.0,Saturday,27,True,4
S01_20240120_0001,2024-01-20,S01,Men's Apparel,44952.0,4.0,Saturday,20,True,3
S01_20240116_0000,2024-01-16,S01,Women's Apparel,53245.0,5.0,Tuesday,16,False,3
S01_20240111_0003,2024-01-11,S01,Footwear,36342.0,2.0,Thursday,11,False,2
S01_20240101_0000,2024-01-01,S01,Footwear,117845.0,5.0,Monday,1,False,1
S01_20240115_0003,2024-01-15,S01,Kids,14368.0,4.0,Monday,15,False,3
S01_20240105_0002,2024-01-05,S01,Footwear,43862.0,2.0,Friday,5,False,1
S01_20240117_0004,2024-01-17,S01,Kids,13132.0,2.0,Wednesday,17,False,3
S01_20240115_0004,2024-01-15,S01,Women's Apparel,84685.0,5.0,Monday,15,False,3
S01_20240111_0004,2024-01-11,S01,Kids,39460.0,5.0,Thursday,11,False,2
S01_20240115_0005,2024-01-15,S01,Women's Apparel,40119.0,3.0,Monday,15,False,3
S01_20240109_0004,2024-01-09,S01,Accessories,51074.0,2.0,Tuesday,9,False,2
S01_20240123_0002,2024-01-23,S01,Men's Apparel,25353.0,3.0,Tuesday,23,False,4
S01_20240103_0000,2024-01-03,S01,Women's Apparel,39152.0,4.0,Wednesday,3,False,1
S01_20240107_0002,2024-01-07,S01,Footwear,64068.0,3.0,Sunday,7,True,1
S01_20240102_0003,2024-01-02,S01,Women's Apparel,61905.0,5.0,Tuesday,2,False,1
S01_20240128_0002,2024-01-28,S01,Accessories,20629.0,1.0,Sunday,28,True,4
S01_20240125_0002,2024-01-25,S01,Kids,32045.0,5.0,Thursday,25,False,4
S01_20240125_0003,2024-01-25,S01,Kids,16359.0,3.0,Thursday,25,False,4
S01_20240101_0001,2024-01-01,S01,Accessories,32934.0,2.0,Monday,1,False,1
S01_20240102_0004,2024-01-02,S01,Footwear,14532.0,1.0,Tuesday,2,False,1
S01_20240105_0003,2024-01-05,S01,Kids,13240.0,2.0,Friday,5,False,1
S01_20240125_0004,2024-01-25,S01,Men's Apparel,69630.0,5.0,Thursday,25,False,4
S01_20240107_0003,2024-01-07,S01,Footwear,15957.0,1.0,Sunday,7,True,1
S01_20240128_0003,2024-01-28,S01,Accessories,23544.0,1.0,Sunday,28,True,4
S01_20240121_0002,2024-01-21,S01,Kids,11134.0,2.0,Sunday,21,True,3
S01_20240109_0005,2024-01-09,S01,Accessories,83372.0,4.0,Tuesday,9,False,2
S01_20240119_0001,2024-01-19,S01,Men's Apparel,8022.0,1.0,Friday,19,False,3
S01_20240108_0003,2024-01-08,S01,Kids,27996.0,4.0,Monday,8,False,2
S01_20240128_0004,2024-01-28,S01,Men's Apparel,23976.0,2.0,Sunday,28,True,4
S01_20240111_0005,2024-01-11,S01,Men's Apparel,13106.0,1.0,Thursday,11,False,2
S01_20240103_0001,2024-01-03,S01,Women's Apparel,70020.0,5.0,Wednesday,3,False,1
S01_20240116_0001,2024-01-16,S01,Kids,2141.0,1.0,Tuesday,16,False,3
S01_20240123_0003,2024-01-23,S01,Women's Apparel,84390.0,5.0,Tuesday,23,False,4
S01_20240117_0005,2024-01-17,S01,Men's Apparel,39051.0,3.0,Wednesday,17,False,3
S01_20240109_0006,2024-01-09,S01,Men's Apparel,7777.0,1.0,Tuesday,9,False,2
S01_20240104_0003,2024-01-04,S01,Accessories,22552.0,2.0,Thursday,4,False,1
S01_20240124_0001,2024-01-24,S01,Accessories,73665.0,3.0,Wednesday,24,False,4
S01_20240110_0000,2024-01-10,S01,Women's Apparel,26817.0,3.0,Wednesday,10,False,2
S01_20240102_0005,2024-01-02,S01,Footwear,35144.0,2.0,Tuesday,2,False,1
S01_20240104_0004,2024-01-04,S01,Footwear,69268.0,4.0,Thursday,4,False,1
S01_20240106_0002,2024-01-06,S01,Footwear,23654.0,1.0,Saturday,6,True,1
S01_20240116_0002,2024-01-16,S01,Footwear,19512.0,2.0,Tuesday,16,False,3
S01_20240103_0002,2024-01-03,S01,Women's Apparel,60572.0,4.0,Wednesday,3,False,1
S01_20240108_0004,2024-01-08,S01,Accessories,79048.0,4.0,Monday,8,False,2
S01_20240114_0000,2024-01-14,S01,Men's Apparel,13988.0,1.0,Sunday,14,True,2
S01_20240121_0003,2024-01-21,S01,Women's Apparel,16820.0,1.0,Sunday,21,True,3
S01_20240118_0004,2024-01-18,S01,Footwear,32348.0,4.0,Thursday,18,False,3
S01_20240116_0003,2024-01-16,S01,Men's Apparel,23376.0,3.0,Tuesday,16,False,3
S01_20240128_0005,2024-01-28,S01,Kids,15262.0,2.0,Sunday,28,True,4
S01_20240119_0002,2024-01-19,S01,Women's Apparel,39400.0,5.0,Friday,19,False,3
S01_20240130_0003,2024-01-30,S01,Men's Apparel,5169.0,1.0,Tuesday,30,False,5
S01_20240120_0002,2024-01-20,S01,Accessories,19390.0,1.0,Saturday,20,True,3
S01_20240123_0004,2024-01-23,S01,Kids,30495.0,5.0,Tuesday,23,False,4
S01_20240120_0003,2024-01-20,S01,Footwear,92805.0,5.0,Saturday,20,True,3
S01_20240108_0005,2024-01-08,S01,Accessories,17037.0,3.0,Monday,8,False,2
S01_20240116_0004,2024-01-16,S01,Accessories,28228.0,2.0,Tuesday,16,False,3
S01_20240121_0004,2024-01-21,S01,Kids,17550.0,3.0,Sunday,21,True,3
S01_20240122_0004,2024-01-22,S01,Footwear,75228.0,4.0,Monday,22,False,4
S01_20240122_0005,2024-01-22,S01,Accessories,18541.0,1.0,Monday,22,False,4
S01_20240120_0004,2024-01-20,S01,Kids,4844.0,2.0,Saturday,20,True,3
S01_20240130_0004,2024-01-30,S01,Men's Apparel,11941.0,1.0,Tuesday,30,False,5
S01_20240123_0005,2024-01-23,S01,Women's Apparel,15024.0,1.0,Tuesday,23,False,4
S01_20240108_0006,2024-01-08,S01,Footwear,23698.0,2.0,Monday,8,False,2
S01_20240110_0001,2024-01-10,S01,Accessories,74456.0,4.0,Wednesday,10,False,2
S01_20240115_0006,2024-01-15,S01,Accessories,35138.0,2.0,Monday,15,False,3
S02_20240124_0000,2024-01-24,S02,Women's Apparel,42104.0,4.0,Wednesday,24,False,4
S02_20240109_0000,2024-01-09,S02,Footwear,88915.0,5.0,Tuesday,9,False,2
S02_20240116_0000,2024-01-16,S02,Women's Apparel,59296.0,4.0,Tuesday,16,False,3
S02_20240125_0000,2024-01-25,S02,Accessories,59760.0,3.0,Thursday,25,False,4
S02_20240108_0000,2024-01-08,S02,Accessories,50612.0,4.0,Monday,8,False,2
S02_20240130_0000,2024-01-30,S02,Kids,14872.0,2.0,Tuesday,30,False,5
S02_20240105_0000,2024-01-05,S02,Accessories,15878.0,1.0,Friday,5,False,1
S02_20240104_0000,2024-01-04,S02,Accessories,11004.0,2.0,Thursday,4,False,1
S02_20240105_0001,2024-01-05,S02,Footwear,50052.0,3.0,Friday,5,False,1
S02_20240121_0000,2024-01-21,S02,Footwear,61356.0,3.0,Sunday,21,True,3
S02_20240128_0000,2024-01-28,S02,Accessories,25232.0,1.0,Sunday,28,True,4
S02_20240130_0001,2024-01-30,S02,Men's Apparel,21920.0,4.0,Tuesday,30,False,5
S02_20240123_0000,2024-01-23,S02,Footwear,40353.0,3.0,Tuesday,23,False,4
S02_20240111_0000,2024-01-11,S02,Footwear,59238.0,3.0,Thursday,11,False,2
S02_20240117_0000,2024-01-17,S02,Kids,15170.0,2.0,Wednesday,17,False,3
S02_20240120_0000,2024-01-20,S02,Kids,15192.0,2.0,Saturday,20,True,3
S02_20240105_0002,2024-01-05,S02,Women's Apparel,49353.0,3.0,Friday,5,False,1
S02_20240101_0000,2024-01-01,S02,Kids,37750.0,5.0,Monday,1,False,1
S02_20240131_0000,2024-01-31,S02,Men's Apparel,57872.0,4.0,Wednesday,31,False,5
S02_20240110_0000,2024-01-10,S02,Footwear,16994.0,1.0,Wednesday,10,False,2
S02_20240125_0001,2024-01-25,S02,Footwear,72828.0,3.0,Thursday,25,False,4
S02_20240120_0001,2024-01-20,S02,Men's Apparel,28860.0,2.0,Saturday,20,True,3
S02_20240125_0002,2024-01-25,S02,Women's Apparel,16280.0,1.0,Thursday,25,False,4
S02_20240105_0003,2024-01-05,S02,Accessories,111970.0,5.0,Friday,5,False,1
S02_20240109_0001,2024-01-09,S02,Kids,4774.0,1.0,Tuesday,9,False,2
S02_20240105_0004,2024-01-05,S02,Women's Apparel,99280.0,5.0,Friday,5,False,1
S02_20240101_0001,2024-01-01,S02,Men's Apparel,34353.0,3.0,Monday,1,False,1
S02_20240130_0002,2024-01-30,S02,Accessories,26222.0,1.0,Tuesday,30,False,5
S02_20240129_0000,2024-01-29,S02,Accessories,70940.0,4.0,Monday,29,False,5
S02_20240123_0001,2024-01-23,S02,Accessories,48490.0,2.0,Tuesday,23,False,4
S02_20240104_0001,2024-01-04,S02,Men's Apparel,19968.0,4.0,Thursday,4,False,1
S02_20240131_0001,2024-01-31,S02,Kids,14858.0,2.0,Wednesday,31,False,5
S02_20240101_0002,2024-01-01,S02,Footwear,31962.0,2.0,Monday,1,False,1
S02_20240103_0000,2024-01-03,S02,Accessories,48428.0,2.0,Wednesday,3,False,1
S02_20240111_0001,2024-01-11,S02,Women's Apparel,21084.0,2.0,Thursday,11,False,2
S02_20240106_0000,2024-01-06,S02,Men's Apparel,24304.0,4.0,Saturday,6,True,1
S02_20240103_0001,2024-01-03,S02,Kids,24825.0,5.0,Wednesday,3,False,1
S02_20240117_0001,2024-01-17,S02,Women's Apparel,89575.0,5.0,Wednesday,17,False,3
S02_20240131_0002,2024-01-31,S02,Footwear,94780.0,4.0,Wednesday,31,False,5
S02_20240116_0001,2024-01-16,S02,Kids,7983.0,3.0,Tuesday,16,False,3
S02_20240105_0005,2024-01-05,S02,Men's Apparel,51200.0,5.0,Friday,5,False,1
S02_20240117_0002,2024-01-17,S02,Accessories,8249.0,1.0,Wednesday,17,False,3
S02_20240129_0001,2024-01-29,S02,Accessories,76368.0,4.0,Monday,29,False,5
S02_20240111_0002,2024-01-11,S02,Kids,5407.0,1.0,Thursday,11,False,2
S02_20240122_0000,2024-01-22,S02,Men's Apparel,26000.0,4.0,Monday,22,False,4
S02_20240114_0000,2024-01-14,S02,Footwear,61315.0,5.0,Sunday,14,True,2
S02_20240111_0003,2024-01-11,S02,Footwear,78344.0,4.0,Thursday,11,False,2
S02_20240102_0000,2024-01-02,S02,Men's Apparel,9761.0,1.0,Tuesday,2,False,1
S02_20240105_0006,2024-01-05,S02,Kids,8658.0,3.0,Friday,5,False,1
S02_20240104_0002,2024-01-04,S02,Men's Apparel,55150.0,5.0,Thursday,4,False,1
S02_20240106_0001,2024-01-06,S02,Women's Apparel,14280.0,2.0,Saturday,6,True,1
S02_20240103_0002,2024-01-03,S02,Accessories,69308.0,4.0,Wednesday,3,False,1
S02_20240103_0003,2024-01-03,S02,Men's Apparel,59380.0,4.0,Wednesday,3,False,1
S02_20240114_0001,2024-01-14,S02,Men's Apparel,12394.0,1.0,Sunday,14,True,2
S02_20240110_0001,2024-01-10,S02,Women's Apparel,55560.0,3.0,Wednesday,10,False,2
S02_20240101_0003,2024-01-01,S02,Kids,6878.0,2.0,Monday,1,False,1
S02_20240108_0001,2024-01-08,S02,Accessories,80670.0,3.0,Monday,8,False,2
S02_20240114_0002,2024-01-14,S02,Footwear,31653.0,3.0,Sunday,14,True,2
S02_20240103_0004,2024-01-03,S02,Kids,15972.0,4.0,Wednesday,3,False,1
S02_20240103_0005,2024-01-03,S02,Kids,9562.0,2.0,Wednesday,3,False,1
S02_20240103_0006,2024-01-03,S02,Accessories,111930.0,5.0,Wednesday,3,False,1
S02_20240112_0000,2024-01-12,S02,Women's Apparel,15368.0,2.0,Friday,12,False,2
S02_20240120_0002,2024-01-20,S02,Women's Apparel,35608.0,4.0,Saturday,20,True,3
S02_20240125_0003,2024-01-25,S02,Accessories,136595.0,5.0,Thursday,25,False,4
S02_20240111_0004,2024-01-11,S02,Men's Apparel,11205.0,1.0,Thursday,11,False,2
S02_20240103_0007,2024-01-03,S02,Footwear,98460.0,4.0,Wednesday,3,False,1
S02_20240131_0003,2024-01-31,S02,Footwear,42504.0,3.0,Wednesday,31,False,5
S02_20240105_0007,2024-01-05,S02,Footwear,34173.0,3.0,Friday,5,False,1
S02_20240117_0003,2024-01-17,S02,Women's Apparel,40236.0,4.0,Wednesday,17,False,3
S02_20240117_0004,2024-01-17,S02,Accessories,50772.0,3.0,Wednesday,17,False,3
S02_20240124_0001,2024-01-24,S02,Accessories,15923.0,1.0,Wednesday,24,False,4
S02_20240130_0003,2024-01-30,S02,Men's Apparel,58992.0,4.0,Tuesday,30,False,5
S02_20240110_0002,2024-01-10,S02,Accessories,78255.0,3.0,Wednesday,10,False,2
S02_20240123_0002,2024-01-23,S02,Accessories,104672.0,4.0,Tuesday,23,False,4
S02_20240112_0001,2024-01-12,S02,Men's Apparel,22527.0,3.0,Friday,12,False,2
S02_20240107_0000,2024-01-07,S02,Women's Apparel,8538.0,1.0,Sunday,7,True,1
S02_20240117_0005,2024-01-17,S02,Accessories,18708.0,3.0,Wednesday,17,False,3
S02_20240105_0008,2024-01-05,S02,Accessories,20108.0,2.0,Friday,5,False,1
S02_20240110_0003,2024-01-10,S02,Kids,12748.0,2.0,Wednesday,10,False,2
S02_20240129_0002,2024-01-29,S02,Women's Apparel,85565.0,5.0,Monday,29,False,5
S02_20240125_0004,2024-01-25,S02,Men's Apparel,61195.0,5.0,Thursday,25,False,4
S02_20240127_0000,2024-01-27,S02,Women's Apparel,10096.0,1.0,Saturday,27,True,4
S02_20240103_0008,2024-01-03,S02,Women's Apparel,11727.0,1.0,Wednesday,3,False,1
S02_20240117_0006,2024-01-17,S02,Men's Apparel,10326.0,1.0,Wednesday,17,False,3
S02_20240111_0005,2024-01-11,S02,Footwear,25570.0,2.0,Thursday,11,False,2
S02_20240131_0004,2024-01-31,S02,Accessories,18869.0,1.0,Wednesday,31,False,5
S02_20240110_0004,2024-01-10,S02,Footwear,63252.0,4.0,Wednesday,10,False,2
S02_20240115_0000,2024-01-15,S02,Footwear,121890.0,5.0,Monday,15,False,3
S02_20240117_0007,2024-01-17,S02,Accessories,57090.0,2.0,Wednesday,17,False,3
S02_20240120_0003,2024-01-20,S02,Men's Apparel,53396.0,4.0,Saturday,20,True,3
S03_20240123_0000,2024-01-23,S03,Men's Apparel,33404.0,4.0,Tuesday,23,False,4
S03_20240111_0000,2024-01-11,S03,Footwear,115085.0,5.0,Thursday,11,False,2
S03_20240106_0000,2024-01-06,S03,Kids,23289.0,3.0,Saturday,6,True,1
S03_20240122_0000,2024-01-22,S03,Accessories,26737.0,1.0,Monday,22,False,4
S03_20240109_0000,2024-01-09,S03,Footwear,39279.0,3.0,Tuesday,9,False,2
S03_20240123_0001,2024-01-23,S03,Men's Apparel,43173.0,3.0,Tuesday,23,False,4
S03_20240124_0000,2024-01-24,S03,Kids,31120.0,4.0,Wednesday,24,False,4
S03_20240103_0000,2024-01-03,S03,Women's Apparel,59022.0,3.0,Wednesday,3,False,1
S03_20240114_0000,2024-01-14,S03,Women's Apparel,33150.0,3.0,Sunday,14,True,2
S03_20240129_0000,2024-01-29,S03,Men's Apparel,8088.0,1.0,Monday,29,False,5
S03_20240120_0000,2024-01-20,S03,Women's Apparel,17324.0,2.0,Saturday,20,True,3
S03_20240106_0001,2024-01-06,S03,Men's Apparel,29950.0,2.0,Saturday,6,True,1
S03_20240113_0000,2024-01-13,S03,Footwear,30576.0,2.0,Saturday,13,True,2
S03_20240112_0000,2024-01-12,S03,Men's Apparel,7652.0,1.0,Friday,12,False,2
S03_20240111_0001,2024-01-11,S03,Men's Apparel,25719.0,3.0,Thursday,11,False,2
S03_20240122_0001,2024-01-22,S03,Accessories,5904.0,1.0,Monday,22,False,4
S03_20240106_0002,2024-01-06,S03,Accessories,6253.0,1.0,Saturday,6,True,1
S03_20240124_0001,2024-01-24,S03,Men's Apparel,69660.0,5.0,Wednesday,24,False,4
S03_20240109_0001,2024-01-09,S03,Footwear,40275.0,5.0,Tuesday,9,False,2
S03_20240112_0001,2024-01-12,S03,Kids,22323.0,3.0,Friday,12,False,2
S03_20240124_0002,2024-01-24,S03,Men's Apparel,59704.0,4.0,Wednesday,24,False,4
S03_20240118_0000,2024-01-18,S03,Women's Apparel,51552.0,4.0,Thursday,18,False,3
S03_20240120_0001,2024-01-20,S03,Accessories,91530.0,5.0,Saturday,20,True,3
S03_20240110_0000,2024-01-10,S03,Women's Apparel,94365.0,5.0,Wednesday,10,False,2
S03_20240115_0000,2024-01-15,S03,Kids,15068.0,2.0,Monday,15,False,3
S03_20240122_0002,2024-01-22,S03,Footwear,124450.0,5.0,Monday,22,False,4
S03_20240114_0001,2024-01-14,S03,Accessories,114152.0,4.0,Sunday,14,True,2
S03_20240105_0000,2024-01-05,S03,Footwear,43862.0,2.0,Friday,5,False,1
S03_20240131_0000,2024-01-31,S03,Kids,39460.0,5.0,Wednesday,31,False,5
S03_20240129_0001,2024-01-29,S03,Women's Apparel,40119.0,3.0,Monday,29,False,5
S03_20240125_0000,2024-01-25,S03,Accessories,51074.0,2.0,Thursday,25,False,4
S03_20240123_0002,2024-01-23,S03,Men's Apparel,25353.0,3.0,Tuesday,23,False,4
S03_20240105_0001,2024-01-05,S03,Women's Apparel,24550.0,2.0,Friday,5,False,1
S03_20240114_0002,2024-01-14,S03,Kids,25780.0,4.0,Sunday,14,True,2
S03_20240127_0000,2024-01-27,S03,Kids,6784.0,1.0,Saturday,27,True,4
S03_20240116_0000,2024-01-16,S03,Footwear,71136.0,4.0,Tuesday,16,False,3
S03_20240118_0001,2024-01-18,S03,Accessories,48904.0,4.0,Thursday,18,False,3
S03_20240116_0001,2024-01-16,S03,Footwear,76056.0,4.0,Tuesday,16,False,3
S03_20240130_0000,2024-01-30,S03,Women's Apparel,62275.0,5.0,Tuesday,30,False,5
S03_20240125_0001,2024-01-25,S03,Kids,16359.0,3.0,Thursday,25,False,4
S03_20240101_0000,2024-01-01,S03,Accessories,32934.0,2.0,Monday,1,False,1
S03_20240125_0002,2024-01-25,S03,Footwear,14532.0,1.0,Thursday,25,False,4
S03_20240105_0002,2024-01-05,S03,Kids,13240.0,2.0,Friday,5,False,1
S03_20240125_0003,2024-01-25,S03,Men's Apparel,69630.0,5.0,Thursday,25,False,4
S03_20240103_0001,2024-01-03,S03,Accessories,25017.0,3.0,Wednesday,3,False,1
S03_20240126_0000,2024-01-26,S03,Accessories,81885.0,5.0,Friday,26,False,4
S03_20240103_0002,2024-01-03,S03,Accessories,21656.0,4.0,Wednesday,3,False,1
S03_20240114_0003,2024-01-14,S03,Men's Apparel,26024.0,4.0,Sunday,14,True,2
S03_20240120_0002,2024-01-20,S03,Accessories,80928.0,4.0,Saturday,20,True,3
S03_20240111_0002,2024-01-11,S03,Women's Apparel,42276.0,4.0,Thursday,11,False,2
S03_20240119_0000,2024-01-19,S03,Accessories,16023.0,1.0,Friday,19,False,3
S03_20240106_0003,2024-01-06,S03,Kids,14718.0,3.0,Saturday,6,True,1
S03_20240118_0002,2024-01-18,S03,Footwear,14260.0,1.0,Thursday,18,False,3
S03_20240116_0002,2024-01-16,S03,Accessories,110516.0,4.0,Tuesday,16,False,3
S03_20240115_0001,2024-01-15,S03,Footwear,35282.0,2.0,Monday,15,False,3
S03_20240110_0001,2024-01-10,S03,Accessories,102535.0,5.0,Wednesday,10,False,2
S03_20240124_0003,2024-01-24,S03,Accessories,66112.0,4.0,Wednesday,24,False,4
S03_20240108_0000,2024-01-08,S03,Footwear,18339.0,1.0,Monday,8,False,2
S03_20240107_0000,2024-01-07,S03,Women's Apparel,52650.0,5.0,Sunday,7,True,1
S03_20240104_0000,2024-01-04,S03,Women's Apparel,29181.0,3.0,Thursday,4,False,1
S03_20240123_0003,2024-01-23,S03,Accessories,13988.0,1.0,Tuesday,23,False,4
S03_20240123_0004,2024-01-23,S03,Women's Apparel,7680.0,1.0,Tuesday,23,False,4
S03_20240116_0003,2024-01-16,S03,Kids,3510.0,1.0,Tuesday,16,False,3
S03_20240104_0001,2024-01-04,S03,Footwear,24113.0,1.0,Thursday,4,False,1
S03_20240105_0003,2024-01-05,S03,Women's Apparel,14790.0,2.0,Friday,5,False,1
S03_20240125_0004,2024-01-25,S03,Accessories,79048.0,4.0,Thursday,25,False,4
S03_20240110_0002,2024-01-10,S03,Accessories,34865.0,5.0,Wednesday,10,False,2
S03_20240131_0001,2024-01-31,S03,Women's Apparel,10335.0,1.0,Wednesday,31,False,5
S03_20240118_0003,2024-01-18,S03,Footwear,32348.0,4.0,Thursday,18,False,3
S03_20240110_0003,2024-01-10,S03,Footwear,52320.0,3.0,Wednesday,10,False,2
S03_20240103_0003,2024-01-03,S03,Women's Apparel,94535.0,5.0,Wednesday,3,False,1
S03_20240114_0004,2024-01-14,S03,Footwear,30732.0,2.0,Sunday,14,True,2
S03_20240103_0004,2024-01-03,S03,Footwear,90395.0,5.0,Wednesday,3,False,1
S03_20240115_0002,2024-01-15,S03,Footwear,71856.0,4.0,Monday,15,False,3
S03_20240115_0003,2024-01-15,S03,Footwear,37224.0,4.0,Monday,15,False,3
S03_20240101_0001,2024-01-01,S03,Footwear,26037.0,3.0,Monday,1,False,1
S03_20240116_0004,2024-01-16,S03,Accessories,28228.0,2.0,Tuesday,16,False,3
S03_20240121_0000,2024-01-21,S03,Kids,17550.0,3.0,Sunday,21,True,3
S03_20240122_0003,2024-01-22,S03,Footwear,75228.0,4.0,Monday,22,False,4
S03_20240122_0004,2024-01-22,S03,Accessories,18541.0,1.0,Monday,22,False,4
S03_20240120_0003,2024-01-20,S03,Kids,4844.0,2.0,Saturday,20,True,3
S03_20240130_0001,2024-01-30,S03,Men's Apparel,11941.0,1.0,Tuesday,30,False,5
S03_20240123_0005,2024-01-23,S03,Women's Apparel,15024.0,1.0,Tuesday,23,False,4
S03_20240108_0001,2024-01-08,S03,Footwear,23698.0,2.0,Monday,8,False,2
S03_20240117_0000,2024-01-17,S03,Men's Apparel,47620.0,4.0,Wednesday,17,False,3
S03_20240113_0001,2024-01-13,S03,Women's Apparel,21429.0,3.0,Saturday,13,True,2
S03_20240111_0003,2024-01-11,S03,Accessories,15252.0,3.0,Thursday,11,False,2
S03_20240128_0000,2024-01-28,S03,Women's Apparel,59296.0,4.0,Sunday,28,True,4
S03_20240115_0004,2024-01-15,S03,Men's Apparel,39560.0,5.0,Monday,15,False,3
S03_20240102_0000,2024-01-02,S03,Men's Apparel,40984.0,4.0,Tuesday,2,False,1
S03_20240116_0005,2024-01-16,S03,Footwear,122295.0,5.0,Tuesday,16,False,3
S03_20240126_0001,2024-01-26,S03,Men's Apparel,56844.0,4.0,Friday,26,False,4
S03_20240128_0001,2024-01-28,S03,Accessories,61504.0,4.0,Sunday,28,True,4
S03_20240120_0004,2024-01-20,S03,Footwear,34832.0,2.0,Saturday,20,True,3
S03_20240104_0002,2024-01-04,S03,Footwear,40353.0,3.0,Thursday,4,False,1
S03_20240111_0004,2024-01-11,S03,Footwear,59238.0,3.0,Thursday,11,False,2
S03_20240117_0001,2024-01-17,S03,Kids,15170.0,2.0,Wednesday,17,False,3
S03_20240120_0005,2024-01-20,S03,Kids,15192.0,2.0,Saturday,20,True,3
S03_20240108_0002,2024-01-08,S03,Kids,17292.0,3.0,Monday,8,False,2
S03_20240129_0002,2024-01-29,S03,Men's Apparel,20840.0,4.0,Monday,29,False,5
S03_20240121_0001,2024-01-21,S03,Kids,17226.0,3.0,Sunday,21,True,3
S03_20240128_0002,2024-01-28,S03,Kids,15772.0,4.0,Sunday,28,True,4
S03_20240123_0006,2024-01-23,S03,Men's Apparel,59136.0,4.0,Tuesday,23,False,4
S03_20240130_0002,2024-01-30,S03,Accessories,28756.0,2.0,Tuesday,30,False,5
S03_20240108_0003,2024-01-08,S03,Women's Apparel,34208.0,2.0,Monday,8,False,2
S03_20240110_0004,2024-01-10,S03,Kids,20241.0,3.0,Wednesday,10,False,2
S03_20240130_0003,2024-01-30,S03,Men's Apparel,21614.0,2.0,Tuesday,30,False,5
S03_20240117_0002,2024-01-17,S03,Accessories,31173.0,3.0,Wednesday,17,False,3
S03_20240131_0002,2024-01-31,S03,Men's Apparel,23544.0,4.0,Wednesday,31,False,5
S03_20240125_0005,2024-01-25,S03,Women's Apparel,99280.0,5.0,Thursday,25,False,4
S03_20240101_0002,2024-01-01,S03,Men's Apparel,34353.0,3.0,Monday,1,False,1
S04_20240119_0000,2024-01-19,S04,Kids,5774.0,2.0,Friday,19,False,3
S04_20240129_0000,2024-01-29,S04,Accessories,49982.0,2.0,Monday,29,False,5
S04_20240104_0000,2024-01-04,S04,Women's Apparel,49468.0,4.0,Thursday,4,False,1
S04_20240123_0000,2024-01-23,S04,Accessories,48490.0,2.0,Tuesday,23,False,4
S04_20240104_0001,2024-01-04,S04,Men's Apparel,19968.0,4.0,Thursday,4,False,1
S04_20240131_0000,2024-01-31,S04,Kids,14858.0,2.0,Wednesday,31,False,5
S04_20240101_0000,2024-01-01,S04,Footwear,31962.0,2.0,Monday,1,False,1
S04_20240103_0000,2024-01-03,S04,Accessories,48428.0,2.0,Wednesday,3,False,1
S04_20240111_0000,2024-01-11,S04,Women's Apparel,21084.0,2.0,Thursday,11,False,2
S04_20240106_0000,2024-01-06,S04,Men's Apparel,24304.0,4.0,Saturday,6,True,1
S04_20240103_0001,2024-01-03,S04,Kids,24825.0,5.0,Wednesday,3,False,1
S04_20240117_0000,2024-01-17,S04,Women's Apparel,89575.0,5.0,Wednesday,17,False,3
S04_20240131_0001,2024-01-31,S04,Footwear,94780.0,4.0,Wednesday,31,False,5
S04_20240116_0000,2024-01-16,S04,Kids,7983.0,3.0,Tuesday,16,False,3
S04_20240105_0000,2024-01-05,S04,Men's Apparel,51200.0,5.0,Friday,5,False,1
S04_20240117_0001,2024-01-17,S04,Accessories,8249.0,1.0,Wednesday,17,False,3
S04_20240129_0001,2024-01-29,S04,Accessories,76368.0,4.0,Monday,29,False,5
S04_20240111_0001,2024-01-11,S04,Kids,5407.0,1.0,Thursday,11,False,2
S04_20240122_0000,2024-01-22,S04,Men's Apparel,26000.0,4.0,Monday,22,False,4
S04_20240114_0000,2024-01-14,S04,Footwear,61315.0,5.0,Sunday,14,True,2
S04_20240111_0002,2024-01-11,S04,Footwear,78344.0,4.0,Thursday,11,False,2
S04_20240102_0000,2024-01-02,S04,Men's Apparel,9761.0,1.0,Tuesday,2,False,1
S04_20240105_0001,2024-01-05,S04,Kids,8658.0,3.0,Friday,5,False,1
S04_20240104_0002,2024-01-04,S04,Men's Apparel,55150.0,5.0,Thursday,4,False,1
S04_20240106_0001,2024-01-06,S04,Women's Apparel,14280.0,2.0,Saturday,6,True,1
S04_20240103_0002,2024-01-03,S04,Accessories,69308.0,4.0,Wednesday,3,False,1
S04_20240103_0003,2024-01-03,S04,Men's Apparel,59380.0,4.0,Wednesday,3,False,1
S04_20240114_0001,2024-01-14,S04,Men's Apparel,12394.0,1.0,Sunday,14,True,2
S04_20240110_0000,2024-01-10,S04,Women's Apparel,55560.0,3.0,Wednesday,10,False,2
S04_20240101_0001,2024-01-01,S04,Kids,6878.0,2.0,Monday,1,False,1
S04_20240108_0000,2024-01-08,S04,Accessories,80670.0,3.0,Monday,8,False,2
S04_20240114_0002,2024-01-14,S04,Footwear,31653.0,3.0,Sunday,14,True,2
S04_20240103_0004,2024-01-03,S04,Kids,15972.0,4.0,Wednesday,3,False,1
S04_20240103_0005,2024-01-03,S04,Kids,9562.0,2.0,Wednesday,3,False,1
S04_20240103_0006,2024-01-03,S04,Accessories,111930.0,5.0,Wednesday,3,False,1
S04_20240112_0000,2024-01-12,S04,Women's Apparel,15368.0,2.0,Friday,12,False,2
S04_20240120_0000,2024-01-20,S04,Women's Apparel,35608.0,4.0,Saturday,20,True,3
S04_20240125_0000,2024-01-25,S04,Accessories,136595.0,5.0,Thursday,25,False,4
S04_20240111_0003,2024-01-11,S04,Men's Apparel,11205.0,1.0,Thursday,11,False,2
S04_20240103_0007,2024-01-03,S04,Footwear,98460.0,4.0,Wednesday,3,False,1
S04_20240131_0002,2024-01-31,S04,Footwear,42504.0,3.0,Wednesday,31,False,5
S04_20240105_0002,2024-01-05,S04,Footwear,34173.0,3.0,Friday,5,False,1
S04_20240117_0002,2024-01-17,S04,Women's Apparel,40236.0,4.0,Wednesday,17,False,3
S04_20240117_0003,2024-01-17,S04,Accessories,50772.0,3.0,Wednesday,17,False,3
S04_20240124_0000,2024-01-24,S04,Accessories,15923.0,1.0,Wednesday,24,False,4
S04_20240130_0000,2024-01-30,S04,Men's Apparel,58992.0,4.0,Tuesday,30,False,5
S04_20240110_0001,2024-01-10,S04,Accessories,78255.0,3.0,Wednesday,10,False,2
S04_20240123_0001,2024-01-23,S04,Accessories,104672.0,4.0,Tuesday,23,False,4
S04_20240112_0001,2024-01-12,S04,Men's Apparel,22527.0,3.0,Friday,12,False,2
S04_20240107_0000,2024-01-07,S04,Women's Apparel,8538.0,1.0,Sunday,7,True,1
S04_20240117_0004,2024-01-17,S04,Accessories,18708.0,3.0,Wednesday,17,False,3
S04_20240105_0003,2024-01-05,S04,Accessories,20108.0,2.0,Friday,5,False,1
S04_20240110_0002,2024-01-10,S04,Kids,12748.0,2.0,Wednesday,10,False,2
S04_20240129_0002,2024-01-29,S04,Women's Apparel,85565.0,5.0,Monday,29,False,5
S04_20240125_0001,2024-01-25,S04,Men's Apparel,61195.0,5.0,Thursday,25,False,4
S04_20240127_0000,2024-01-27,S04,Women's Apparel,10096.0,1.0,Saturday,27,True,4
S04_20240103_0008,2024-01-03,S04,Women's Apparel,11727.0,1.0,Wednesday,3,False,1
S04_20240117_0005,2024-01-17,S04,Men's Apparel,10326.0,1.0,Wednesday,17,False,3
S04_20240111_0004,2024-01-11,S04,Footwear,25570.0,2.0,Thursday,11,False,2
S04_20240131_0003,2024-01-31,S04,Accessories,18869.0,1.0,Wednesday,31,False,5
S04_20240110_0003,2024-01-10,S04,Footwear,63252.0,4.0,Wednesday,10,False,2
S04_20240115_0000,2024-01-15,S04,Footwear,121890.0,5.0,Monday,15,False,3
S04_20240117_0006,2024-01-17,S04,Accessories,57090.0,2.0,Wednesday,17,False,3
S04_20240120_0001,2024-01-20,S04,Men's Apparel,53396.0,4.0,Saturday,20,True,3
S04_20240103_0009,2024-01-03,S04,Accessories,36085.0,5.0,Wednesday,3,False,1
S04_20240118_0000,2024-01-18,S04,Footwear,23405.0,1.0,Thursday,18,False,3
S04_20240109_0000,2024-01-09,S04,Footwear,30639.0,3.0,Tuesday,9,False,2
S04_20240121_0000,2024-01-21,S04,Footwear,37790.0,2.0,Sunday,21,True,3
S04_20240106_0002,2024-01-06,S04,Kids,14350.0,2.0,Saturday,6,True,1
S04_20240113_0000,2024-01-13,S04,Accessories,13300.0,1.0,Saturday,13,True,2
S04_20240110_0004,2024-01-10,S04,Men's Apparel,44229.0,3.0,Wednesday,10,False,2
S04_20240114_0003,2024-01-14,S04,Kids,15501.0,3.0,Sunday,14,True,2
S04_20240123_0002,2024-01-23,S04,Kids,18759.0,3.0,Tuesday,23,False,4
S04_20240114_0004,2024-01-14,S04,Footwear,69565.0,5.0,Sunday,14,True,2
S04_20240103_0010,2024-01-03,S04,Men's Apparel,36084.0,4.0,Wednesday,3,False,1
S04_20240106_0003,2024-01-06,S04,Kids,5662.0,1.0,Saturday,6,True,1
S04_20240120_0002,2024-01-20,S04,Kids,7238.0,1.0,Saturday,20,True,3
S04_20240117_0007,2024-01-17,S04,Women's Apparel,41695.0,5.0,Wednesday,17,False,3
S04_20240102_0001,2024-01-02,S04,Women's Apparel,29598.0,3.0,Tuesday,2,False,1
S04_20240102_0002,2024-01-02,S04,Accessories,109004.0,4.0,Tuesday,2,False,1
S04_20240115_0001,2024-01-15,S04,Footwear,62555.0,5.0,Monday,15,False,3
S04_20240121_0001,2024-01-21,S04,Men's Apparel,5858.0,1.0,Sunday,21,True,3
S04_20240117_0008,2024-01-17,S04,Kids,8892.0,3.0,Wednesday,17,False,3
S04_20240115_0002,2024-01-15,S04,Women's Apparel,69480.0,4.0,Monday,15,False,3
S04_20240128_0000,2024-01-28,S04,Footwear,54628.0,4.0,Sunday,28,True,4
S04_20240131_0004,2024-01-31,S04,Men's Apparel,25315.0,5.0,Wednesday,31,False,5
S04_20240128_0001,2024-01-28,S04,Women's Apparel,57009.0,3.0,Sunday,28,True,4
S04_20240107_0001,2024-01-07,S04,Women's Apparel,75796.0,4.0,Sunday,7,True,1
S04_20240114_0005,2024-01-14,S04,Kids,5208.0,2.0,Sunday,14,True,2
S04_20240103_0011,2024-01-03,S04,Kids,37855.0,5.0,Wednesday,3,False,1
S04_20240121_0002,2024-01-21,S04,Accessories,36912.0,4.0,Sunday,21,True,3
S04_20240127_0001,2024-01-27,S04,Footwear,39042.0,3.0,Saturday,27,True,4
S04_20240130_0001,2024-01-30,S04,Women's Apparel,43503.0,3.0,Tuesday,30,False,5
S04_20240107_0002,2024-01-07,S04,Accessories,27303.0,3.0,Sunday,7,True,1
S04_20240117_0009,2024-01-17,S04,Women's Apparel,44020.0,5.0,Wednesday,17,False,3
S04_20240111_0005,2024-01-11,S04,Accessories,5929.0,1.0,Thursday,11,False,2
S04_20240109_0001,2024-01-09,S04,Women's Apparel,16127.0,1.0,Tuesday,9,False,2
S04_20240118_0001,2024-01-18,S04,Men's Apparel,23824.0,2.0,Thursday,18,False,3
S04_20240113_0001,2024-01-13,S04,Men's Apparel,5195.0,1.0,Saturday,13,True,2
S04_20240116_0001,2024-01-16,S04,Kids,23930.0,5.0,Tuesday,16,False,3
S04_20240124_0001,2024-01-24,S04,Men's Apparel,18426.0,3.0,Wednesday,24,False,4
S04_20240111_0006,2024-01-11,S04,Women's Apparel,24021.0,3.0,Thursday,11,False,2
S04_20240104_0003,2024-01-04,S04,Footwear,102935.0,5.0,Thursday,4,False,1
S04_20240127_0002,2024-01-27,S04,Men's Apparel,14220.0,2.0,Saturday,27,True,4
S04_20240112_0002,2024-01-12,S04,Footwear,68876.0,4.0,Friday,12,False,2
S04_20240122_0001,2024-01-22,S04,Kids,6396.0,1.0,Monday,22,False,4
S04_20240110_0005,2024-01-10,S04,Footwear,98092.0,4.0,Wednesday,10,False,2
S04_20240127_0003,2024-01-27,S04,Accessories,17786.0,2.0,Saturday,27,True,4
S04_20240112_0003,2024-01-12,S04,Men's Apparel,12726.0,2.0,Friday,12,False,2
S04_20240117_0010,2024-01-17,S04,Footwear,18550.0,2.0,Wednesday,17,False,3
S04_20240117_0011,2024-01-17,S04,Kids,34830.0,5.0,Wednesday,17,False,3
S04_20240106_0004,2024-01-06,S04,Kids,22255.0,5.0,Saturday,6,True,1
S04_20240118_0002,2024-01-18,S04,Kids,17820.0,4.0,Thursday,18,False,3
S04_20240111_0007,2024-01-11,S04,Footwear,18081.0,1.0,Thursday,11,False,2
S04_20240131_0005,2024-01-31,S04,Accessories,12456.0,1.0,Wednesday,31,False,5
S04_20240117_0012,2024-01-17,S04,Accessories,19684.0,2.0,Wednesday,17,False,3
S04_20240107_0003,2024-01-07,S04,Footwear,73116.0,4.0,Sunday,7,True,1
S05_20240107_0000,2024-01-07,S05,Kids,28036.0,4.0,Sunday,7,True,1
S05_20240123_0000,2024-01-23,S05,Women's Apparel,45567.0,3.0,Tuesday,23,False,4
S05_20240117_0000,2024-01-17,S05,Kids,13672.0,4.0,Wednesday,17,False,3
S05_20240118_0000,2024-01-18,S05,Men's Apparel,55980.0,4.0,Thursday,18,False,3
S05_20240109_0000,2024-01-09,S05,Accessories,37104.0,3.0,Tuesday,9,False,2
S05_20240123_0001,2024-01-23,S05,Kids,17790.0,3.0,Tuesday,23,False,4
S05_20240110_0000,2024-01-10,S05,Footwear,81764.0,4.0,Wednesday,10,False,2
S05_20240110_0001,2024-01-10,S05,Footwear,31767.0,3.0,Wednesday,10,False,2
S05_20240124_0000,2024-01-24,S05,Kids,18275.0,5.0,Wednesday,24,False,4
S05_20240105_0000,2024-01-05,S05,Footwear,31680.0,2.0,Friday,5,False,1
S05_20240121_0000,2024-01-21,S05,Women's Apparel,30564.0,4.0,Sunday,21,True,3
S05_20240104_0000,2024-01-04,S05,Women's Apparel,30032.0,2.0,Thursday,4,False,1
S05_20240116_0000,2024-01-16,S05,Women's Apparel,33786.0,3.0,Tuesday,16,False,3
S05_20240121_0001,2024-01-21,S05,Accessories,22535.0,1.0,Sunday,21,True,3
S05_20240114_0000,2024-01-14,S05,Women's Apparel,78800.0,4.0,Sunday,14,True,2
S05_20240130_0000,2024-01-30,S05,Men's Apparel,12453.0,3.0,Tuesday,30,False,5
S05_20240130_0001,2024-01-30,S05,Men's Apparel,57220.0,5.0,Tuesday,30,False,5
S05_20240128_0000,2024-01-28,S05,Accessories,27880.0,2.0,Sunday,28,True,4
S05_20240106_0000,2024-01-06,S05,Accessories,95070.0,5.0,Saturday,6,True,1
S05_20240122_0000,2024-01-22,S05,Footwear,50428.0,4.0,Monday,22,False,4
S05_20240101_0000,2024-01-01,S05,Men's Apparel,31432.0,4.0,Monday,1,False,1
S05_20240110_0002,2024-01-10,S05,Accessories,16122.0,3.0,Wednesday,10,False,2
S05_20240102_0000,2024-01-02,S05,Footwear,36106.0,2.0,Tuesday,2,False,1
S05_20240123_0002,2024-01-23,S05,Footwear,100215.0,5.0,Tuesday,23,False,4
S05_20240116_0001,2024-01-16,S05,Women's Apparel,91250.0,5.0,Tuesday,16,False,3
S05_20240125_0000,2024-01-25,S05,Accessories,59928.0,2.0,Thursday,25,False,4
S05_20240117_0001,2024-01-17,S05,Kids,23295.0,3.0,Wednesday,17,False,3
S05_20240127_0000,2024-01-27,S05,Accessories,58120.0,5.0,Saturday,27,True,4
S05_20240111_0000,2024-01-11,S05,Accessories,17616.0,2.0,Thursday,11,False,2
S05_20240122_0001,2024-01-22,S05,Men's Apparel,31461.0,3.0,Monday,22,False,4
S05_20240119_0000,2024-01-19,S05,Footwear,65649.0,3.0,Friday,19,False,3
S05_20240130_0002,2024-01-30,S05,Footwear,27117.0,3.0,Tuesday,30,False,5
S05_20240125_0001,2024-01-25,S05,Kids,20532.0,4.0,Thursday,25,False,4
S05_20240113_0000,2024-01-13,S05,Footwear,37071.0,3.0,Saturday,13,True,2
S05_20240117_0002,2024-01-17,S05,Women's Apparel,19677.0,1.0,Wednesday,17,False,3
S05_20240115_0000,2024-01-15,S05,Accessories,89720.0,4.0,Monday,15,False,3
S05_20240115_0001,2024-01-15,S05,Men's Apparel,17032.0,2.0,Monday,15,False,3
S05_20240102_0001,2024-01-02,S05,Kids,4256.0,2.0,Tuesday,2,False,1
S05_20240120_0000,2024-01-20,S05,Footwear,19190.0,2.0,Saturday,20,True,3
S05_20240115_0002,2024-01-15,S05,Women's Apparel,18359.0,1.0,Monday,15,False,3
S05_20240127_0001,2024-01-27,S05,Accessories,119610.0,5.0,Saturday,27,True,4
S05_20240108_0000,2024-01-08,S05,Men's Apparel,74080.0,5.0,Monday,8,False,2
S05_20240109_0001,2024-01-09,S05,Footwear,54952.0,4.0,Tuesday,9,False,2
S05_20240112_0000,2024-01-12,S05,Kids,18444.0,4.0,Friday,12,False,2
S05_20240113_0001,2024-01-13,S05,Women's Apparel,19896.0,2.0,Saturday,13,True,2
S05_20240126_0000,2024-01-26,S05,Kids,26428.0,4.0,Friday,26,False,4
S05_20240113_0002,2024-01-13,S05,Women's Apparel,27993.0,3.0,Saturday,13,True,2
S05_20240107_0001,2024-01-07,S05,Accessories,48444.0,4.0,Sunday,7,True,1
S05_20240110_0003,2024-01-10,S05,Footwear,14226.0,1.0,Wednesday,10,False,2
S05_20240130_0003,2024-01-30,S05,Women's Apparel,24996.0,2.0,Tuesday,30,False,5
S05_20240113_0003,2024-01-13,S05,Kids,21942.0,3.0,Saturday,13,True,2
S05_20240117_0003,2024-01-17,S05,Kids,11228.0,4.0,Wednesday,17,False,3
S05_20240130_0004,2024-01-30,S05,Women's Apparel,44504.0,4.0,Tuesday,30,False,5
S05_20240101_0001,2024-01-01,S05,Men's Apparel,17672.0,2.0,Monday,1,False,1
S05_20240113_0004,2024-01-13,S05,Accessories,106805.0,5.0,Saturday,13,True,2
S05_20240109_0002,2024-01-09,S05,Kids,11550.0,2.0,Tuesday,9,False,2
S05_20240106_0001,2024-01-06,S05,Women's Apparel,45075.0,5.0,Saturday,6,True,1
S05_20240117_0004,2024-01-17,S05,Footwear,9589.0,1.0,Wednesday,17,False,3
S05_20240103_0000,2024-01-03,S05,Women's Apparel,47915.0,5.0,Wednesday,3,False,1
S05_20240120_0001,2024-01-20,S05,Accessories,106412.0,4.0,Saturday,20,True,3
S05_20240101_0002,2024-01-01,S05,Footwear,85010.0,5.0,Monday,1,False,1
S05_20240117_0005,2024-01-17,S05,Kids,2876.0,1.0,Wednesday,17,False,3
S05_20240107_0002,2024-01-07,S05,Accessories,39813.0,3.0,Sunday,7,True,1
S05_20240103_0001,2024-01-03,S05,Men's Apparel,57600.0,5.0,Wednesday,3,False,1
S05_20240110_0004,2024-01-10,S05,Footwear,44252.0,4.0,Wednesday,10,False,2
S05_20240102_0002,2024-01-02,S05,Footwear,42836.0,4.0,Tuesday,2,False,1
S05_20240119_0001,2024-01-19,S05,Footwear,18788.0,2.0,Friday,19,False,3
S05_20240109_0003,2024-01-09,S05,Footwear,85935.0,5.0,Tuesday,9,False,2
S05_20240106_0002,2024-01-06,S05,Men's Apparel,36970.0,5.0,Saturday,6,True,1
S05_20240130_0005,2024-01-30,S05,Footwear,66615.0,5.0,Tuesday,30,False,5
S05_20240122_0002,2024-01-22,S05,Accessories,35154.0,2.0,Monday,22,False,4
S05_20240117_0006,2024-01-17,S05,Men's Apparel,22400.0,4.0,Wednesday,17,False,3
S05_20240111_0001,2024-01-11,S05,Accessories,98064.0,4.0,Thursday,11,False,2
S05_20240101_0003,2024-01-01,S05,Men's Apparel,24076.0,2.0,Monday,1,False,1
S05_20240114_0001,2024-01-14,S05,Women's Apparel,37020.0,5.0,Sunday,14,True,2
S05_20240123_0003,2024-01-23,S05,Footwear,33560.0,2.0,Tuesday,23,False,4
S05_20240124_0001,2024-01-24,S05,Kids,4954.0,1.0,Wednesday,24,False,4
S05_20240112_0001,2024-01-12,S05,Men's Apparel,6170.0,1.0,Friday,12,False,2
S05_20240128_0001,2024-01-28,S05,Kids,17560.0,4.0,Sunday,28,True,4
S05_20240124_0002,2024-01-24,S05,Accessories,118705.0,5.0,Wednesday,24,False,4
S05_20240106_0003,2024-01-06,S05,Women's Apparel,32799.0,3.0,Saturday,6,True,1
S05_20240106_0004,2024-01-06,S05,Kids,16347.0,3.0,Saturday,6,True,1
S05_20240112_0002,2024-01-12,S05,Men's Apparel,56960.0,4.0,Friday,12,False,2
S05_20240115_0003,2024-01-15,S05,Footwear,17983.0,1.0,Monday,15,False,3
S05_20240127_0002,2024-01-27,S05,Accessories,63192.0,4.0,Saturday,27,True,4
S05_20240110_0005,2024-01-10,S05,Men's Apparel,35544.0,3.0,Wednesday,10,False,2
S05_20240131_0000,2024-01-31,S05,Men's Apparel,57476.0,4.0,Wednesday,31,False,5
S05_20240111_0002,2024-01-11,S05,Kids,15654.0,3.0,Thursday,11,False,2
S05_20240122_0003,2024-01-22,S05,Accessories,115316.0,4.0,Monday,22,False,4
S05_20240126_0001,2024-01-26,S05,Kids,28390.0,5.0,Friday,26,False,4
S05_20240118_0001,2024-01-18,S05,Accessories,22814.0,1.0,Thursday,18,False,3
S05_20240115_0004,2024-01-15,S05,Men's Apparel,57930.0,5.0,Monday,15,False,3
S05_20240112_0003,2024-01-12,S05,Footwear,34275.0,3.0,Friday,12,False,2
S05_20240104_0001,2024-01-04,S05,Women's Apparel,33330.0,3.0,Thursday,4,False,1
S05_20240117_0007,2024-01-17,S05,Kids,5900.0,1.0,Wednesday,17,False,3
S05_20240117_0008,2024-01-17,S05,Women's Apparel,57110.0,5.0,Wednesday,17,False,3
S05_20240108_0001,2024-01-08,S05,Kids,14104.0,4.0,Monday,8,False,2
S05_20240115_0005,2024-01-15,S05,Accessories,17741.0,1.0,Monday,15,False,3
S05_20240109_0004,2024-01-09,S05,Footwear,56670.0,5.0,Tuesday,9,False,2
S05_20240107_0003,2024-01-07,S05,Kids,16596.0,4.0,Sunday,7,True,1
S05_20240130_0006,2024-01-30,S05,Accessories,15554.0,2.0,Tuesday,30,False,5
S05_20240110_0006,2024-01-10,S05,Footwear,40464.0,2.0,Wednesday,10,False,2
S05_20240120_0002,2024-01-20,S05,Women's Apparel,25862.0,2.0,Saturday,20,True,3
S05_20240118_0002,2024-01-18,S05,Women's Apparel,21464.0,2.0,Thursday,18,False,3
S05_20240120_0003,2024-01-20,S05,Footwear,33256.0,4.0,Saturday,20,True,3
S05_20240114_0002,2024-01-14,S05,Kids,31268.0,4.0,Sunday,14,True,2
S05_20240119_0002,2024-01-19,S05,Footwear,17571.0,1.0,Friday,19,False,3
S05_20240106_0005,2024-01-06,S05,Kids,30285.0,5.0,Saturday,6,True,1
S05_20240109_0005,2024-01-09,S05,Accessories,22761.0,1.0,Tuesday,9,False,2
S05_20240118_0003,2024-01-18,S05,Women's Apparel,15354.0,2.0,Thursday,18,False,3
S05_20240115_0006,2024-01-15,S05,Men's Apparel,21700.0,4.0,Monday,15,False,3
S05_20240125_0002,2024-01-25,S05,Women's Apparel,96410.0,5.0,Thursday,25,False,4
S05_20240106_0006,2024-01-06,S05,Accessories,23540.0,2.0,Saturday,6,True,1
S05_20240118_0004,2024-01-18,S05,Men's Apparel,27906.0,3.0,Thursday,18,False,3
S05_20240131_0001,2024-01-31,S05,Accessories,37768.0,4.0,Wednesday,31,False,5
S05_20240128_0002,2024-01-28,S05,Women's Apparel,20180.0,2.0,Sunday,28,True,4
S05_20240125_0003,2024-01-25,S05,Kids,15820.0,5.0,Thursday,25,False,4
S05_20240113_0005,2024-01-13,S05,Kids,7190.0,1.0,Saturday,13,True,2
S05_20240123_0004,2024-01-23,S05,Men's Apparel,35988.0,3.0,Tuesday,23,False,4
S05_20240124_0003,2024-01-24,S05,Kids,12590.0,5.0,Wednesday,24,False,4
S05_20240127_0003,2024-01-27,S05,Women's Apparel,31197.0,3.0,Saturday,27,True,4
S05_20240118_0005,2024-01-18,S05,Accessories,94204.0,4.0,Thursday,18,False,3
S05_20240102_0003,2024-01-02,S05,Footwear,8533.0,1.0,Tuesday,2,False,1
S05_20240115_0007,2024-01-15,S05,Kids,11008.0,2.0,Monday,15,False,3
S05_20240129_0000,2024-01-29,S05,Men's Apparel,8489.0,1.0,Monday,29,False,5
S05_20240103_0002,2024-01-03,S05,Men's Apparel,19392.0,4.0,Wednesday,3,False,1
S05_20240114_0003,2024-01-14,S05,Footwear,16070.0,2.0,Sunday,14,True,2
S05_20240119_0003,2024-01-19,S05,Women's Apparel,6152.0,1.0,Friday,19,False,3
S05_20240128_0003,2024-01-28,S05,Kids,5913.0,1.0,Sunday,28,True,4
S05_20240124_0004,2024-01-24,S05,Footwear,54801.0,3.0,Wednesday,24,False,4
S05_20240113_0006,2024-01-13,S05,Women's Apparel,35600.0,5.0,Saturday,13,True,2
S05_20240115_0008,2024-01-15,S05,Men's Apparel,28580.0,2.0,Monday,15,False,3
S05_20240128_0004,2024-01-28,S05,Women's Apparel,15292.0,2.0,Sunday,28,True,4
S05_20240112_0004,2024-01-12,S05,Kids,6290.0,2.0,Friday,12,False,2
S05_20240108_0002,2024-01-08,S05,Accessories,123305.0,5.0,Monday,8,False,2
S05_20240128_0005,2024-01-28,S05,Men's Apparel,62410.0,5.0,Sunday,28,True,4
S05_20240112_0005,2024-01-12,S05,Men's Apparel,51685.0,5.0,Friday,12,False,2
S06_20240128_0000,2024-01-28,S06,Kids,10500.0,5.0,Sunday,28,True,4
S06_20240115_0000,2024-01-15,S06,Men's Apparel,14523.0,3.0,Monday,15,False,3
S06_20240104_0000,2024-01-04,S06,Footwear,24113.0,1.0,Thursday,4,False,1
S06_20240102_0000,2024-01-02,S06,Women's Apparel,96445.0,5.0,Tuesday,2,False,1
S06_20240108_0000,2024-01-08,S06,Footwear,108185.0,5.0,Monday,8,False,2
S06_20240108_0001,2024-01-08,S06,Accessories,79048.0,4.0,Monday,8,False,2
S06_20240114_0000,2024-01-14,S06,Men's Apparel,13988.0,1.0,Sunday,14,True,2
S06_20240121_0000,2024-01-21,S06,Women's Apparel,16820.0,1.0,Sunday,21,True,3
S06_20240118_0000,2024-01-18,S06,Footwear,32348.0,4.0,Thursday,18,False,3
S06_20240116_0000,2024-01-16,S06,Men's Apparel,23376.0,3.0,Tuesday,16,False,3
S06_20240128_0001,2024-01-28,S06,Kids,15262.0,2.0,Sunday,28,True,4
S06_20240119_0000,2024-01-19,S06,Women's Apparel,39400.0,5.0,Friday,19,False,3
S06_20240130_0000,2024-01-30,S06,Men's Apparel,5169.0,1.0,Tuesday,30,False,5
S06_20240120_0000,2024-01-20,S06,Accessories,19390.0,1.0,Saturday,20,True,3
S06_20240123_0000,2024-01-23,S06,Kids,30495.0,5.0,Tuesday,23,False,4
S06_20240120_0001,2024-01-20,S06,Footwear,92805.0,5.0,Saturday,20,True,3
S06_20240108_0002,2024-01-08,S06,Accessories,17037.0,3.0,Monday,8,False,2
S06_20240116_0001,2024-01-16,S06,Accessories,28228.0,2.0,Tuesday,16,False,3
S06_20240121_0001,2024-01-21,S06,Kids,17550.0,3.0,Sunday,21,True,3
S06_20240122_0000,2024-01-22,S06,Footwear,75228.0,4.0,Monday,22,False,4
S06_20240122_0001,2024-01-22,S06,Accessories,18541.0,1.0,Monday,22,False,4
S06_20240120_0002,2024-01-20,S06,Kids,4844.0,2.0,Saturday,20,True,3
S06_20240130_0001,2024-01-30,S06,Men's Apparel,11941.0,1.0,Tuesday,30,False,5
S06_20240123_0001,2024-01-23,S06,Women's Apparel,15024.0,1.0,Tuesday,23,False,4
S06_20240108_0003,2024-01-08,S06,Footwear,23698.0,2.0,Monday,8,False,2
S06_20240110_0000,2024-01-10,S06,Accessories,74456.0,4.0,Wednesday,10,False,2
S06_20240115_0001,2024-01-15,S06,Accessories,35138.0,2.0,Monday,15,False,3
S06_20240124_0000,2024-01-24,S06,Women's Apparel,42104.0,4.0,Wednesday,24,False,4
S06_20240109_0000,2024-01-09,S06,Footwear,88915.0,5.0,Tuesday,9,False,2
S06_20240116_0002,2024-01-16,S06,Women's Apparel,59296.0,4.0,Tuesday,16,False,3
S06_20240125_0000,2024-01-25,S06,Accessories,59760.0,3.0,Thursday,25,False,4
S06_20240108_0004,2024-01-08,S06,Accessories,50612.0,4.0,Monday,8,False,2
S06_20240130_0002,2024-01-30,S06,Kids,14872.0,2.0,Tuesday,30,False,5
S06_20240105_0000,2024-01-05,S06,Accessories,15878.0,1.0,Friday,5,False,1
S06_20240104_0001,2024-01-04,S06,Accessories,11004.0,2.0,Thursday,4,False,1
S06_20240105_0001,2024-01-05,S06,Footwear,50052.0,3.0,Friday,5,False,1
S06_20240121_0002,2024-01-21,S06,Footwear,61356.0,3.0,Sunday,21,True,3
S06_20240128_0002,2024-01-28,S06,Accessories,25232.0,1.0,Sunday,28,True,4
S06_20240130_0003,2024-01-30,S06,Men's Apparel,21920.0,4.0,Tuesday,30,False,5
S06_20240123_0002,2024-01-23,S06,Footwear,40353.0,3.0,Tuesday,23,False,4
S06_20240111_0000,2024-01-11,S06,Footwear,59238.0,3.0,Thursday,11,False,2
S06_20240117_0000,2024-01-17,S06,Kids,15170.0,2.0,Wednesday,17,False,3
S06_20240120_0003,2024-01-20,S06,Kids,15192.0,2.0,Saturday,20,True,3
S06_20240105_0002,2024-01-05,S06,Women's Apparel,49353.0,3.0,Friday,5,False,1
S06_20240101_0000,2024-01-01,S06,Kids,37750.0,5.0,Monday,1,False,1
S06_20240131_0000,2024-01-31,S06,Men's Apparel,57872.0,4.0,Wednesday,31,False,5
S06_20240110_0001,2024-01-10,S06,Footwear,16994.0,1.0,Wednesday,10,False,2
S06_20240125_0001,2024-01-25,S06,Footwear,72828.0,3.0,Thursday,25,False,4
S06_20240120_0004,2024-01-20,S06,Men's Apparel,28860.0,2.0,Saturday,20,True,3
S06_20240125_0002,2024-01-25,S06,Women's Apparel,16280.0,1.0,Thursday,25,False,4
S06_20240105_0003,2024-01-05,S06,Accessories,111970.0,5.0,Friday,5,False,1
S06_20240109_0001,2024-01-09,S06,Kids,4774.0,1.0,Tuesday,9,False,2
S06_20240105_0004,2024-01-05,S06,Women's Apparel,99280.0,5.0,Friday,5,False,1
S06_20240101_0001,2024-01-01,S06,Men's Apparel,34353.0,3.0,Monday,1,False,1
S06_20240130_0004,2024-01-30,S06,Accessories,26222.0,1.0,Tuesday,30,False,5
S06_20240129_0000,2024-01-29,S06,Accessories,70940.0,4.0,Monday,29,False,5
S06_20240123_0003,2024-01-23,S06,Accessories,48490.0,2.0,Tuesday,23,False,4
S06_20240104_0002,2024-01-04,S06,Men's Apparel,19968.0,4.0,Thursday,4,False,1
S06_20240131_0001,2024-01-31,S06,Kids,14858.0,2.0,Wednesday,31,False,5
S06_20240101_0002,2024-01-01,S06,Footwear,31962.0,2.0,Monday,1,False,1
S06_20240103_0000,2024-01-03,S06,Accessories,48428.0,2.0,Wednesday,3,False,1
S06_20240111_0001,2024-01-11,S06,Women's Apparel,21084.0,2.0,Thursday,11,False,2
S06_20240106_0000,2024-01-06,S06,Men's Apparel,24304.0,4.0,Saturday,6,True,1
S06_20240103_0001,2024-01-03,S06,Kids,24825.0,5.0,Wednesday,3,False,1
S06_20240117_0001,2024-01-17,S06,Women's Apparel,89575.0,5.0,Wednesday,17,False,3
S06_20240131_0002,2024-01-31,S06,Footwear,94780.0,4.0,Wednesday,31,False,5
S06_20240116_0003,2024-01-16,S06,Kids,7983.0,3.0,Tuesday,16,False,3
S06_20240105_0005,2024-01-05,S06,Men's Apparel,51200.0,5.0,Friday,5,False,1
S06_20240117_0002,2024-01-17,S06,Accessories,8249.0,1.0,Wednesday,17,False,3
S06_20240129_0001,2024-01-29,S06,Accessories,76368.0,4.0,Monday,29,False,5
S06_20240111_0002,2024-01-11,S06,Kids,5407.0,1.0,Thursday,11,False,2
S06_20240122_0002,2024-01-22,S06,Men's Apparel,26000.0,4.0,Monday,22,False,4
S06_20240114_0001,2024-01-14,S06,Footwear,61315.0,5.0,Sunday,14,True,2
S06_20240111_0003,2024-01-11,S06,Footwear,78344.0,4.0,Thursday,11,False,2
S06_20240102_0001,2024-01-02,S06,Men's Apparel,9761.0,1.0,Tuesday,2,False,1
S06_20240105_0006,2024-01-05,S06,Kids,8658.0,3.0,Friday,5,False,1
S06_20240104_0003,2024-01-04,S06,Men's Apparel,55150.0,5.0,Thursday,4,False,1
S06_20240106_0001,2024-01-06,S06,Women's Apparel,14280.0,2.0,Saturday,6,True,1
S06_20240103_0002,2024-01-03,S06,Accessories,69308.0,4.0,Wednesday,3,False,1
S06_20240103_0003,2024-01-03,S06,Men's Apparel,59380.0,4.0,Wednesday,3,False,1
S06_20240114_0002,2024-01-14,S06,Men's Apparel,12394.0,1.0,Sunday,14,True,2
S06_20240110_0002,2024-01-10,S06,Women's Apparel,55560.0,3.0,Wednesday,10,False,2
S06_20240101_0003,2024-01-01,S06,Kids,6878.0,2.0,Monday,1,False,1
S06_20240108_0005,2024-01-08,S06,Accessories,80670.0,3.0,Monday,8,False,2
S06_20240114_0003,2024-01-14,S06,Footwear,31653.0,3.0,Sunday,14,True,2
S06_20240103_0004,2024-01-03,S06,Kids,15972.0,4.0,Wednesday,3,False,1
S06_20240103_0005,2024-01-03,S06,Kids,9562.0,2.0,Wednesday,3,False,1
S06_20240103_0006,2024-01-03,S06,Accessories,111930.0,5.0,Wednesday,3,False,1
S06_20240112_0000,2024-01-12,S06,Women's Apparel,15368.0,2.0,Friday,12,False,2
S06_20240120_0005,2024-01-20,S06,Women's Apparel,35608.0,4.0,Saturday,20,True,3
S06_20240125_0003,2024-01-25,S06,Accessories,136595.0,5.0,Thursday,25,False,4
S06_20240111_0004,2024-01-11,S06,Men's Apparel,11205.0,1.0,Thursday,11,False,2
S07_20240103_0000,2024-01-03,S07,Footwear,98460.0,4.0,Wednesday,3,False,1
S07_20240131_0000,2024-01-31,S07,Footwear,42504.0,3.0,Wednesday,31,False,5
S07_20240105_0000,2024-01-05,S07,Footwear,34173.0,3.0,Friday,5,False,1
S07_20240117_0000,2024-01-17,S07,Women's Apparel,40236.0,4.0,Wednesday,17,False,3
S07_20240117_0001,2024-01-17,S07,Accessories,50772.0,3.0,Wednesday,17,False,3
S07_20240124_0000,2024-01-24,S07,Accessories,15923.0,1.0,Wednesday,24,False,4
S07_20240130_0000,2024-01-30,S07,Men's Apparel,58992.0,4.0,Tuesday,30,False,5
S07_20240110_0000,2024-01-10,S07,Accessories,78255.0,3.0,Wednesday,10,False,2
S07_20240123_0000,2024-01-23,S07,Accessories,104672.0,4.0,Tuesday,23,False,4
S07_20240112_0000,2024-01-12,S07,Men's Apparel,22527.0,3.0,Friday,12,False,2
S07_20240107_0000,2024-01-07,S07,Women's Apparel,8538.0,1.0,Sunday,7,True,1
S07_20240117_0002,2024-01-17,S07,Accessories,18708.0,3.0,Wednesday,17,False,3
S07_20240105_0001,2024-01-05,S07,Accessories,20108.0,2.0,Friday,5,False,1
S07_20240110_0001,2024-01-10,S07,Kids,12748.0,2.0,Wednesday,10,False,2
S07_20240129_0000,2024-01-29,S07,Women's Apparel,85565.0,5.0,Monday,29,False,5
S07_20240125_0000,2024-01-25,S07,Men's Apparel,61195.0,5.0,Thursday,25,False,4
S07_20240127_0000,2024-01-27,S07,Women's Apparel,10096.0,1.0,Saturday,27,True,4
S07_20240103_0001,2024-01-03,S07,Women's Apparel,11727.0,1.0,Wednesday,3,False,1
S07_20240117_0003,2024-01-17,S07,Men's Apparel,10326.0,1.0,Wednesday,17,False,3
S07_20240111_0000,2024-01-11,S07,Footwear,25570.0,2.0,Thursday,11,False,2
S07_20240131_0001,2024-01-31,S07,Accessories,18869.0,1.0,Wednesday,31,False,5
S07_20240110_0002,2024-01-10,S07,Footwear,63252.0,4.0,Wednesday,10,False,2
S07_20240115_0000,2024-01-15,S07,Footwear,121890.0,5.0,Monday,15,False,3
S07_20240117_0004,2024-01-17,S07,Accessories,57090.0,2.0,Wednesday,17,False,3
S07_20240120_0000,2024-01-20,S07,Men's Apparel,53396.0,4.0,Saturday,20,True,3
S07_20240103_0002,2024-01-03,S07,Accessories,36085.0,5.0,Wednesday,3,False,1
S07_20240118_0000,2024-01-18,S07,Footwear,23405.0,1.0,Thursday,18,False,3
S07_20240109_0000,2024-01-09,S07,Footwear,30639.0,3.0,Tuesday,9,False,2
S07_20240121_0000,2024-01-21,S07,Footwear,37790.0,2.0,Sunday,21,True,3
S07_20240106_0000,2024-01-06,S07,Kids,14350.0,2.0,Saturday,6,True,1
S07_20240113_0000,2024-01-13,S07,Accessories,13300.0,1.0,Saturday,13,True,2
S07_20240110_0003,2024-01-10,S07,Men's Apparel,44229.0,3.0,Wednesday,10,False,2
S07_20240114_0000,2024-01-14,S07,Kids,15501.0,3.0,Sunday,14,True,2
S07_20240123_0001,2024-01-23,S07,Kids,18759.0,3.0,Tuesday,23,False,4
S07_20240114_0001,2024-01-14,S07,Footwear,69565.0,5.0,Sunday,14,True,2
S07_20240103_0003,2024-01-03,S07,Men's Apparel,36084.0,4.0,Wednesday,3,False,1
S07_20240106_0001,2024-01-06,S07,Kids,5662.0,1.0,Saturday,6,True,1
S07_20240120_0001,2024-01-20,S07,Kids,7238.0,1.0,Saturday,20,True,3
S07_20240117_0005,2024-01-17,S07,Women's Apparel,41695.0,5.0,Wednesday,17,False,3
S07_20240102_0000,2024-01-02,S07,Women's Apparel,29598.0,3.0,Tuesday,2,False,1
S07_20240102_0001,2024-01-02,S07,Accessories,109004.0,4.0,Tuesday,2,False,1
S07_20240115_0001,2024-01-15,S07,Footwear,62555.0,5.0,Monday,15,False,3
S07_20240121_0001,2024-01-21,S07,Men's Apparel,5858.0,1.0,Sunday,21,True,3
S07_20240117_0006,2024-01-17,S07,Kids,8892.0,3.0,Wednesday,17,False,3
S07_20240115_0002,2024-01-15,S07,Women's Apparel,69480.0,4.0,Monday,15,False,3
S07_20240128_0000,2024-01-28,S07,Footwear,54628.0,4.0,Sunday,28,True,4
S07_20240131_0002,2024-01-31,S07,Men's Apparel,25315.0,5.0,Wednesday,31,False,5
S07_20240128_0001,2024-01-28,S07,Women's Apparel,57009.0,3.0,Sunday,28,True,4
S07_20240107_0001,2024-01-07,S07,Women's Apparel,75796.0,4.0,Sunday,7,True,1
S07_20240114_0002,2024-01-14,S07,Kids,5208.0,2.0,Sunday,14,True,2
S07_20240103_0004,2024-01-03,S07,Kids,37855.0,5.0,Wednesday,3,False,1
S07_20240121_0002,2024-01-21,S07,Accessories,36912.0,4.0,Sunday,21,True,3
S07_20240127_0001,2024-01-27,S07,Footwear,39042.0,3.0,Saturday,27,True,4
S07_20240130_0001,2024-01-30,S07,Women's Apparel,43503.0,3.0,Tuesday,30,False,5
S07_20240107_0002,2024-01-07,S07,Accessories,27303.0,3.0,Sunday,7,True,1
S07_20240117_0007,2024-01-17,S07,Women's Apparel,44020.0,5.0,Wednesday,17,False,3
S07_20240111_0001,2024-01-11,S07,Accessories,5929.0,1.0,Thursday,11,False,2
S07_20240109_0001,2024-01-09,S07,Women's Apparel,16127.0,1.0,Tuesday,9,False,2
S07_20240118_0001,2024-01-18,S07,Men's Apparel,23824.0,2.0,Thursday,18,False,3
S07_20240113_0001,2024-01-13,S07,Men's Apparel,5195.0,1.0,Saturday,13,True,2
S07_20240116_0000,2024-01-16,S07,Kids,23930.0,5.0,Tuesday,16,False,3
S07_20240124_0001,2024-01-24,S07,Men's Apparel,18426.0,3.0,Wednesday,24,False,4
S07_20240111_0002,2024-01-11,S07,Women's Apparel,24021.0,3.0,Thursday,11,False,2
S07_20240104_0000,2024-01-04,S07,Footwear,102935.0,5.0,Thursday,4,False,1
S07_20240127_0002,2024-01-27,S07,Men's Apparel,14220.0,2.0,Saturday,27,True,4
S07_20240112_0001,2024-01-12,S07,Footwear,68876.0,4.0,Friday,12,False,2
S07_20240122_0000,2024-01-22,S07,Kids,6396.0,1.0,Monday,22,False,4
S07_20240110_0004,2024-01-10,S07,Footwear,98092.0,4.0,Wednesday,10,False,2
S07_20240127_0003,2024-01-27,S07,Accessories,17786.0,2.0,Saturday,27,True,4
S07_20240112_0002,2024-01-12,S07,Men's Apparel,12726.0,2.0,Friday,12,False,2
S07_20240117_0008,2024-01-17,S07,Footwear,18550.0,2.0,Wednesday,17,False,3
S07_20240117_0009,2024-01-17,S07,Kids,34830.0,5.0,Wednesday,17,False,3
S07_20240106_0002,2024-01-06,S07,Kids,22255.0,5.0,Saturday,6,True,1
S07_20240118_0002,2024-01-18,S07,Kids,17820.0,4.0,Thursday,18,False,3
S07_20240111_0003,2024-01-11,S07,Footwear,18081.0,1.0,Thursday,11,False,2
S07_20240131_0003,2024-01-31,S07,Accessories,12456.0,1.0,Wednesday,31,False,5
S07_20240117_0010,2024-01-17,S07,Accessories,19684.0,2.0,Wednesday,17,False,3
S07_20240107_0003,2024-01-07,S07,Footwear,73116.0,4.0,Sunday,7,True,1
S07_20240107_0004,2024-01-07,S07,Kids,28036.0,4.0,Sunday,7,True,1
S07_20240124_0002,2024-01-24,S07,Footwear,49992.0,2.0,Wednesday,24,False,4
S07_20240116_0001,2024-01-16,S07,Accessories,30562.0,2.0,Tuesday,16,False,3
S07_20240111_0004,2024-01-11,S07,Accessories,81438.0,3.0,Thursday,11,False,2
S07_20240131_0004,2024-01-31,S07,Women's Apparel,45429.0,3.0,Wednesday,31,False,5
S07_20240125_0001,2024-01-25,S07,Men's Apparel,36033.0,3.0,Thursday,25,False,4
S07_20240130_0002,2024-01-30,S07,Men's Apparel,29980.0,5.0,Tuesday,30,False,5
S07_20240129_0001,2024-01-29,S07,Kids,9597.0,3.0,Monday,29,False,5
S07_20240112_0003,2024-01-12,S07,Kids,11848.0,2.0,Friday,12,False,2
S07_20240109_0002,2024-01-09,S07,Accessories,9498.0,1.0,Tuesday,9,False,2
S07_20240108_0000,2024-01-08,S07,Women's Apparel,84870.0,5.0,Monday,8,False,2
S07_20240102_0002,2024-01-02,S07,Footwear,75292.0,4.0,Tuesday,2,False,1
S07_20240131_0005,2024-01-31,S07,Accessories,73332.0,4.0,Wednesday,31,False,5
S07_20240125_0002,2024-01-25,S07,Men's Apparel,8676.0,1.0,Thursday,25,False,4
S07_20240121_0003,2024-01-21,S07,Accessories,22535.0,1.0,Sunday,21,True,3
S07_20240114_0003,2024-01-14,S07,Women's Apparel,78800.0,4.0,Sunday,14,True,2
S07_20240130_0003,2024-01-30,S07,Men's Apparel,12453.0,3.0,Tuesday,30,False,5
S07_20240130_0004,2024-01-30,S07,Men's Apparel,57220.0,5.0,Tuesday,30,False,5
S07_20240128_0002,2024-01-28,S07,Accessories,27880.0,2.0,Sunday,28,True,4
S07_20240106_0003,2024-01-06,S07,Accessories,95070.0,5.0,Saturday,6,True,1
S07_20240122_0001,2024-01-22,S07,Footwear,50428.0,4.0,Monday,22,False,4
S07_20240101_0000,2024-01-01,S07,Men's Apparel,31432.0,4.0,Monday,1,False,1
S07_20240110_0005,2024-01-10,S07,Accessories,16122.0,3.0,Wednesday,10,False,2
S07_20240108_0001,2024-01-08,S07,Footwear,69750.0,3.0,Monday,8,False,2
S07_20240117_0011,2024-01-17,S07,Men's Apparel,43392.0,3.0,Wednesday,17,False,3
S07_20240108_0002,2024-01-08,S07,Women's Apparel,34036.0,4.0,Monday,8,False,2
S07_20240112_0004,2024-01-12,S07,Kids,29285.0,5.0,Friday,12,False,2
S07_20240125_0003,2024-01-25,S07,Women's Apparel,58436.0,4.0,Thursday,25,False,4
S07_20240103_0005,2024-01-03,S07,Accessories,35115.0,5.0,Wednesday,3,False,1
S07_20240119_0000,2024-01-19,S07,Accessories,31173.0,3.0,Friday,19,False,3
S07_20240104_0001,2024-01-04,S07,Women's Apparel,37445.0,5.0,Thursday,4,False,1
S07_20240109_0003,2024-01-09,S07,Footwear,10393.0,1.0,Tuesday,9,False,2
S07_20240131_0006,2024-01-31,S07,Kids,20532.0,4.0,Wednesday,31,False,5
S07_20240113_0002,2024-01-13,S07,Footwear,37071.0,3.0,Saturday,13,True,2
S07_20240117_0012,2024-01-17,S07,Women's Apparel,19677.0,1.0,Wednesday,17,False,3
S07_20240115_0003,2024-01-15,S07,Accessories,89720.0,4.0,Monday,15,False,3
S07_20240115_0004,2024-01-15,S07,Men's Apparel,17032.0,2.0,Monday,15,False,3
S07_20240125_0004,2024-01-25,S07,Footwear,108685.0,5.0,Thursday,25,False,4
S07_20240108_0003,2024-01-08,S07,Women's Apparel,38265.0,5.0,Monday,8,False,2
S07_20240128_0003,2024-01-28,S07,Footwear,37796.0,4.0,Sunday,28,True,4
S07_20240107_0005,2024-01-07,S07,Footwear,73533.0,3.0,Sunday,7,True,1
S08_20240119_0000,2024-01-19,S08,Men's Apparel,23643.0,3.0,Friday,19,False,3
S08_20240117_0000,2024-01-17,S08,Women's Apparel,32769.0,3.0,Wednesday,17,False,3
S08_20240111_0000,2024-01-11,S08,Kids,9666.0,3.0,Thursday,11,False,2
S08_20240116_0000,2024-01-16,S08,Women's Apparel,21854.0,2.0,Tuesday,16,False,3
S08_20240130_0000,2024-01-30,S08,Kids,13785.0,5.0,Tuesday,30,False,5
S08_20240107_0000,2024-01-07,S08,Kids,14181.0,3.0,Sunday,7,True,1
S08_20240107_0001,2024-01-07,S08,Women's Apparel,72944.0,4.0,Sunday,7,True,1
S08_20240120_0000,2024-01-20,S08,Women's Apparel,49605.0,5.0,Saturday,20,True,3
S08_20240113_0000,2024-01-13,S08,Kids,21942.0,3.0,Saturday,13,True,2
S08_20240117_0001,2024-01-17,S08,Kids,11228.0,4.0,Wednesday,17,False,3
S08_20240130_0001,2024-01-30,S08,Women's Apparel,44504.0,4.0,Tuesday,30,False,5
S08_20240105_0000,2024-01-05,S08,Footwear,65049.0,3.0,Friday,5,False,1
S08_20240108_0000,2024-01-08,S08,Kids,16052.0,4.0,Monday,8,False,2
S08_20240111_0001,2024-01-11,S08,Men's Apparel,58052.0,4.0,Thursday,11,False,2
S08_20240126_0000,2024-01-26,S08,Men's Apparel,31465.0,5.0,Friday,26,False,4
S08_20240121_0000,2024-01-21,S08,Footwear,9108.0,1.0,Sunday,21,True,3
S08_20240102_0000,2024-01-02,S08,Accessories,83332.0,4.0,Tuesday,2,False,1
S08_20240101_0000,2024-01-01,S08,Footwear,85010.0,5.0,Monday,1,False,1
S08_20240117_0002,2024-01-17,S08,Kids,2876.0,1.0,Wednesday,17,False,3
S08_20240107_0002,2024-01-07,S08,Accessories,39813.0,3.0,Sunday,7,True,1
S08_20240103_0000,2024-01-03,S08,Men's Apparel,57600.0,5.0,Wednesday,3,False,1
S08_20240101_0001,2024-01-01,S08,Women's Apparel,56756.0,4.0,Monday,1,False,1
S08_20240119_0001,2024-01-19,S08,Footwear,18788.0,2.0,Friday,19,False,3
S08_20240129_0000,2024-01-29,S08,Accessories,13883.0,1.0,Monday,29,False,5
S08_20240110_0000,2024-01-10,S08,Women's Apparel,61136.0,4.0,Wednesday,10,False,2
S08_20240111_0002,2024-01-11,S08,Kids,7646.0,1.0,Thursday,11,False,2
S08_20240102_0001,2024-01-02,S08,Footwear,15606.0,1.0,Tuesday,2,False,1
S08_20240131_0000,2024-01-31,S08,Accessories,15694.0,1.0,Wednesday,31,False,5
S08_20240116_0001,2024-01-16,S08,Women's Apparel,60240.0,4.0,Tuesday,16,False,3
S08_20240119_0002,2024-01-19,S08,Kids,21201.0,3.0,Friday,19,False,3
S08_20240103_0001,2024-01-03,S08,Footwear,52212.0,4.0,Wednesday,3,False,1
S08_20240105_0001,2024-01-05,S08,Kids,4954.0,1.0,Friday,5,False,1
S08_20240112_0000,2024-01-12,S08,Men's Apparel,6170.0,1.0,Friday,12,False,2
S08_20240128_0000,2024-01-28,S08,Kids,17560.0,4.0,Sunday,28,True,4
S08_20240124_0000,2024-01-24,S08,Accessories,118705.0,5.0,Wednesday,24,False,4
S08_20240106_0000,2024-01-06,S08,Women's Apparel,32799.0,3.0,Saturday,6,True,1
S08_20240106_0001,2024-01-06,S08,Kids,16347.0,3.0,Saturday,6,True,1
S08_20240112_0001,2024-01-12,S08,Men's Apparel,56960.0,4.0,Friday,12,False,2
S08_20240115_0000,2024-01-15,S08,Footwear,17983.0,1.0,Monday,15,False,3
S08_20240127_0000,2024-01-27,S08,Accessories,63192.0,4.0,Saturday,27,True,4
S08_20240120_0001,2024-01-20,S08,Women's Apparel,56265.0,5.0,Saturday,20,True,3
S08_20240116_0002,2024-01-16,S08,Men's Apparel,31572.0,3.0,Tuesday,16,False,3
S08_20240121_0001,2024-01-21,S08,Kids,11955.0,3.0,Sunday,21,True,3
S08_20240112_0002,2024-01-12,S08,Footwear,72735.0,5.0,Friday,12,False,2
S08_20240122_0000,2024-01-22,S08,Accessories,115316.0,4.0,Monday,22,False,4
S08_20240114_0000,2024-01-14,S08,Kids,28390.0,5.0,Sunday,14,True,2
S08_20240118_0000,2024-01-18,S08,Accessories,22814.0,1.0,Thursday,18,False,3
S08_20240120_0002,2024-01-20,S08,Footwear,63282.0,3.0,Saturday,20,True,3
S08_20240104_0000,2024-01-04,S08,Footwear,32956.0,2.0,Thursday,4,False,1
S08_20240118_0001,2024-01-18,S08,Accessories,48968.0,4.0,Thursday,18,False,3
S08_20240125_0000,2024-01-25,S08,Accessories,29817.0,3.0,Thursday,25,False,4
S08_20240104_0001,2024-01-04,S08,Men's Apparel,5406.0,1.0,Thursday,4,False,1
S08_20240105_0002,2024-01-05,S08,Men's Apparel,38480.0,4.0,Friday,5,False,1
S08_20240116_0003,2024-01-16,S08,Men's Apparel,22396.0,4.0,Tuesday,16,False,3
S08_20240108_0001,2024-01-08,S08,Accessories,46168.0,2.0,Monday,8,False,2
S08_20240131_0001,2024-01-31,S08,Kids,10636.0,2.0,Wednesday,31,False,5
S08_20240114_0001,2024-01-14,S08,Kids,14060.0,2.0,Sunday,14,True,2
S08_20240113_0001,2024-01-13,S08,Footwear,44229.0,3.0,Saturday,13,True,2
S08_20240119_0003,2024-01-19,S08,Footwear,42378.0,3.0,Friday,19,False,3
S08_20240104_0002,2024-01-04,S08,Men's Apparel,37938.0,3.0,Thursday,4,False,1
S08_20240113_0002,2024-01-13,S08,Accessories,49200.0,3.0,Saturday,13,True,2
S08_20240117_0003,2024-01-17,S08,Kids,13770.0,2.0,Wednesday,17,False,3
S08_20240106_0002,2024-01-06,S08,Kids,15360.0,2.0,Saturday,6,True,1
S08_20240110_0001,2024-01-10,S08,Women's Apparel,44616.0,4.0,Wednesday,10,False,2
S08_20240131_0002,2024-01-31,S08,Footwear,24946.0,2.0,Wednesday,31,False,5
S08_20240117_0004,2024-01-17,S08,Kids,30436.0,4.0,Wednesday,17,False,3
S08_20240116_0004,2024-01-16,S08,Women's Apparel,15263.0,1.0,Tuesday,16,False,3
S08_20240110_0002,2024-01-10,S08,Footwear,76835.0,5.0,Wednesday,10,False,2
S08_20240119_0004,2024-01-19,S08,Kids,6184.0,1.0,Friday,19,False,3
S08_20240125_0001,2024-01-25,S08,Accessories,22761.0,1.0,Thursday,25,False,4
S08_20240118_0002,2024-01-18,S08,Women's Apparel,15354.0,2.0,Thursday,18,False,3
S08_20240115_0001,2024-01-15,S08,Men's Apparel,21700.0,4.0,Monday,15,False,3
S08_20240125_0002,2024-01-25,S08,Women's Apparel,96410.0,5.0,Thursday,25,False,4
S08_20240120_0003,2024-01-20,S08,Kids,14094.0,2.0,Saturday,20,True,3
S08_20240126_0001,2024-01-26,S08,Footwear,97475.0,5.0,Friday,26,False,4
S08_20240106_0003,2024-01-06,S08,Men's Apparel,43700.0,5.0,Saturday,6,True,1
S08_20240129_0001,2024-01-29,S08,Footwear,21487.0,1.0,Monday,29,False,5
S08_20240105_0003,2024-01-05,S08,Women's Apparel,25188.0,3.0,Friday,5,False,1
S08_20240113_0003,2024-01-13,S08,Kids,20190.0,3.0,Saturday,13,True,2
S08_20240115_0002,2024-01-15,S08,Footwear,106000.0,5.0,Monday,15,False,3
S08_20240130_0002,2024-01-30,S08,Men's Apparel,35988.0,3.0,Tuesday,30,False,5
S08_20240103_0002,2024-01-03,S08,Kids,12590.0,5.0,Wednesday,3,False,1
S08_20240127_0001,2024-01-27,S08,Women's Apparel,31197.0,3.0,Saturday,27,True,4
S08_20240118_0003,2024-01-18,S08,Accessories,94204.0,4.0,Thursday,18,False,3
S08_20240125_0003,2024-01-25,S08,Footwear,45048.0,4.0,Thursday,25,False,4
S08_20240115_0003,2024-01-15,S08,Kids,11008.0,2.0,Monday,15,False,3
S08_20240129_0002,2024-01-29,S08,Men's Apparel,8489.0,1.0,Monday,29,False,5
S08_20240103_0003,2024-01-03,S08,Men's Apparel,19392.0,4.0,Wednesday,3,False,1
S08_20240123_0000,2024-01-23,S08,Women's Apparel,16739.0,1.0,Tuesday,23,False,4
S08_20240107_0003,2024-01-07,S08,Kids,15435.0,5.0,Sunday,7,True,1
S08_20240115_0004,2024-01-15,S08,Footwear,19258.0,1.0,Monday,15,False,3
S08_20240123_0001,2024-01-23,S08,Women's Apparel,14320.0,2.0,Tuesday,23,False,4
S08_20240126_0002,2024-01-26,S08,Footwear,54801.0,3.0,Friday,26,False,4
S08_20240113_0004,2024-01-13,S08,Women's Apparel,35600.0,5.0,Saturday,13,True,2
S08_20240121_0002,2024-01-21,S08,Women's Apparel,23506.0,2.0,Sunday,21,True,3
S08_20240130_0003,2024-01-30,S08,Kids,30496.0,4.0,Tuesday,30,False,5
S08_20240129_0003,2024-01-29,S08,Footwear,60175.0,5.0,Monday,29,False,5
S08_20240131_0003,2024-01-31,S08,Kids,6290.0,2.0,Wednesday,31,False,5
S08_20240108_0002,2024-01-08,S08,Accessories,123305.0,5.0,Monday,8,False,2
S08_20240101_0002,2024-01-01,S08,Men's Apparel,62410.0,5.0,Monday,1,False,1
S08_20240113_0005,2024-01-13,S08,Men's Apparel,31684.0,4.0,Saturday,13,True,2
S08_20240116_0005,2024-01-16,S08,Accessories,22310.0,1.0,Tuesday,16,False,3
S08_20240105_0004,2024-01-05,S08,Kids,16341.0,3.0,Friday,5,False,1
S08_20240110_0003,2024-01-10,S08,Accessories,75516.0,4.0,Wednesday,10,False,2
S08_20240105_0005,2024-01-05,S08,Men's Apparel,9077.0,1.0,Friday,5,False,1
S08_20240126_0003,2024-01-26,S08,Women's Apparel,62005.0,5.0,Friday,26,False,4
S08_20240117_0005,2024-01-17,S08,Accessories,31413.0,3.0,Wednesday,17,False,3
S08_20240124_0001,2024-01-24,S08,Footwear,75908.0,4.0,Wednesday,24,False,4
S08_20240109_0000,2024-01-09,S08,Accessories,85028.0,4.0,Tuesday,9,False,2
S08_20240116_0006,2024-01-16,S08,Accessories,34096.0,2.0,Tuesday,16,False,3
S08_20240129_0004,2024-01-29,S08,Accessories,62420.0,5.0,Monday,29,False,5
S08_20240108_0003,2024-01-08,S08,Footwear,79704.0,4.0,Monday,8,False,2
S08_20240130_0004,2024-01-30,S08,Footwear,43482.0,2.0,Tuesday,30,False,5
S08_20240130_0005,2024-01-30,S08,Men's Apparel,26380.0,5.0,Tuesday,30,False,5
S08_20240122_0001,2024-01-22,S08,Footwear,76565.0,5.0,Monday,22,False,4
S08_20240126_0004,2024-01-26,S08,Men's Apparel,34800.0,3.0,Friday,26,False,4
S08_20240125_0004,2024-01-25,S08,Women's Apparel,8466.0,1.0,Thursday,25,False,4
S08_20240108_0004,2024-01-08,S08,Accessories,25838.0,1.0,Monday,8,False,2
S09_20240125_0000,2024-01-25,S09,Kids,5702.0,2.0,Thursday,25,False,4
S09_20240114_0000,2024-01-14,S09,Kids,9498.0,3.0,Sunday,14,True,2
S09_20240102_0000,2024-01-02,S09,Kids,11817.0,3.0,Tuesday,2,False,1
S09_20240130_0000,2024-01-30,S09,Kids,18420.0,4.0,Tuesday,30,False,5
S09_20240104_0000,2024-01-04,S09,Accessories,47212.0,4.0,Thursday,4,False,1
S09_20240128_0000,2024-01-28,S09,Footwear,39492.0,3.0,Sunday,28,True,4
S09_20240122_0000,2024-01-22,S09,Men's Apparel,6848.0,1.0,Monday,22,False,4
S09_20240118_0000,2024-01-18,S09,Accessories,32412.0,4.0,Thursday,18,False,3
S09_20240101_0000,2024-01-01,S09,Footwear,24566.0,2.0,Monday,1,False,1
S09_20240129_0000,2024-01-29,S09,Men's Apparel,18796.0,4.0,Monday,29,False,5
S09_20240127_0000,2024-01-27,S09,Kids,8964.0,4.0,Saturday,27,True,4
S09_20240112_0000,2024-01-12,S09,Women's Apparel,31515.0,3.0,Friday,12,False,2
S09_20240102_0001,2024-01-02,S09,Accessories,50434.0,2.0,Tuesday,2,False,1
S09_20240114_0001,2024-01-14,S09,Accessories,6998.0,1.0,Sunday,14,True,2
S09_20240114_0002,2024-01-14,S09,Women's Apparel,81670.0,5.0,Sunday,14,True,2
S09_20240126_0000,2024-01-26,S09,Men's Apparel,51684.0,4.0,Friday,26,False,4
S09_20240117_0000,2024-01-17,S09,Men's Apparel,16860.0,2.0,Wednesday,17,False,3
S09_20240129_0001,2024-01-29,S09,Men's Apparel,58640.0,5.0,Monday,29,False,5
S09_20240108_0000,2024-01-08,S09,Women's Apparel,20120.0,2.0,Monday,8,False,2
S09_20240102_0002,2024-01-02,S09,Women's Apparel,23626.0,2.0,Tuesday,2,False,1
S09_20240111_0000,2024-01-11,S09,Men's Apparel,48805.0,5.0,Thursday,11,False,2
S09_20240131_0000,2024-01-31,S09,Women's Apparel,44646.0,3.0,Wednesday,31,False,5
S09_20240103_0000,2024-01-03,S09,Footwear,15169.0,1.0,Wednesday,3,False,1
S09_20240111_0001,2024-01-11,S09,Accessories,27825.0,3.0,Thursday,11,False,2
S09_20240102_0003,2024-01-02,S09,Footwear,12641.0,1.0,Tuesday,2,False,1
S09_20240126_0001,2024-01-26,S09,Kids,17135.0,5.0,Friday,26,False,4
S09_20240126_0002,2024-01-26,S09,Men's Apparel,74520.0,5.0,Friday,26,False,4
S09_20240110_0000,2024-01-10,S09,Men's Apparel,6911.0,1.0,Wednesday,10,False,2
S09_20240113_0000,2024-01-13,S09,Accessories,54830.0,5.0,Saturday,13,True,2
S09_20240108_0001,2024-01-08,S09,Accessories,42516.0,2.0,Monday,8,False,2
S09_20240108_0002,2024-01-08,S09,Men's Apparel,6750.0,1.0,Monday,8,False,2
S09_20240121_0000,2024-01-21,S09,Men's Apparel,12558.0,3.0,Sunday,21,True,3
S09_20240129_0002,2024-01-29,S09,Kids,7996.0,1.0,Monday,29,False,5
S09_20240111_0002,2024-01-11,S09,Accessories,20818.0,1.0,Thursday,11,False,2
S09_20240124_0000,2024-01-24,S09,Accessories,79938.0,3.0,Wednesday,24,False,4
S09_20240102_0004,2024-01-02,S09,Kids,26008.0,4.0,Tuesday,2,False,1
S09_20240101_0001,2024-01-01,S09,Kids,22060.0,5.0,Monday,1,False,1
S09_20240101_0002,2024-01-01,S09,Women's Apparel,49368.0,3.0,Monday,1,False,1
S09_20240128_0001,2024-01-28,S09,Footwear,84096.0,4.0,Sunday,28,True,4
S09_20240109_0000,2024-01-09,S09,Footwear,41396.0,2.0,Tuesday,9,False,2
S09_20240112_0001,2024-01-12,S09,Women's Apparel,20193.0,3.0,Friday,12,False,2
S09_20240118_0001,2024-01-18,S09,Footwear,108585.0,5.0,Thursday,18,False,3
S09_20240119_0000,2024-01-19,S09,Women's Apparel,10896.0,1.0,Friday,19,False,3
S09_20240102_0005,2024-01-02,S09,Accessories,109675.0,5.0,Tuesday,2,False,1
S09_20240105_0000,2024-01-05,S09,Footwear,27328.0,2.0,Friday,5,False,1
S09_20240105_0001,2024-01-05,S09,Footwear,42268.0,4.0,Friday,5,False,1
S09_20240105_0002,2024-01-05,S09,Accessories,15477.0,1.0,Friday,5,False,1
S09_20240111_0003,2024-01-11,S09,Men's Apparel,21010.0,5.0,Thursday,11,False,2
S09_20240104_0001,2024-01-04,S09,Kids,16070.0,5.0,Thursday,4,False,1
S09_20240130_0001,2024-01-30,S09,Footwear,33927.0,3.0,Tuesday,30,False,5
S09_20240129_0003,2024-01-29,S09,Kids,20548.0,4.0,Monday,29,False,5
S09_20240102_0006,2024-01-02,S09,Women's Apparel,25204.0,2.0,Tuesday,2,False,1
S09_20240123_0000,2024-01-23,S09,Kids,15726.0,3.0,Tuesday,23,False,4
S09_20240124_0001,2024-01-24,S09,Kids,5051.0,1.0,Wednesday,24,False,4
S09_20240110_0001,2024-01-10,S09,Men's Apparel,11218.0,2.0,Wednesday,10,False,2
S09_20240125_0001,2024-01-25,S09,Men's Apparel,54140.0,5.0,Thursday,25,False,4
S09_20240115_0000,2024-01-15,S09,Women's Apparel,72556.0,4.0,Monday,15,False,3
S09_20240127_0001,2024-01-27,S09,Footwear,13209.0,1.0,Saturday,27,True,4
S09_20240113_0001,2024-01-13,S09,Women's Apparel,17692.0,2.0,Saturday,13,True,2
S09_20240117_0001,2024-01-17,S09,Kids,7580.0,1.0,Wednesday,17,False,3
S09_20240120_0000,2024-01-20,S09,Kids,29435.0,5.0,Saturday,20,True,3
S09_20240106_0000,2024-01-06,S09,Men's Apparel,8670.0,1.0,Saturday,6,True,1
S09_20240128_0002,2024-01-28,S09,Accessories,24506.0,2.0,Sunday,28,True,4
S09_20240121_0001,2024-01-21,S09,Kids,2164.0,1.0,Sunday,21,True,3
S09_20240121_0002,2024-01-21,S09,Women's Apparel,28998.0,3.0,Sunday,21,True,3
S09_20240123_0001,2024-01-23,S09,Men's Apparel,30504.0,3.0,Tuesday,23,False,4
S09_20240115_0001,2024-01-15,S09,Men's Apparel,13576.0,1.0,Monday,15,False,3
S09_20240118_0002,2024-01-18,S09,Accessories,42786.0,3.0,Thursday,18,False,3
S09_20240103_0001,2024-01-03,S09,Men's Apparel,43485.0,3.0,Wednesday,3,False,1
S09_20240121_0003,2024-01-21,S09,Men's Apparel,32280.0,5.0,Sunday,21,True,3
S09_20240126_0003,2024-01-26,S09,Accessories,79932.0,3.0,Friday,26,False,4
S09_20240101_0003,2024-01-01,S09,Kids,16500.0,4.0,Monday,1,False,1
S09_20240102_0007,2024-01-02,S09,Accessories,33669.0,3.0,Tuesday,2,False,1
S09_20240122_0001,2024-01-22,S09,Accessories,81045.0,3.0,Monday,22,False,4
S09_20240127_0002,2024-01-27,S09,Accessories,14626.0,1.0,Saturday,27,True,4
S09_20240109_0001,2024-01-09,S09,Accessories,81816.0,3.0,Tuesday,9,False,2
S09_20240112_0002,2024-01-12,S09,Women's Apparel,38667.0,3.0,Friday,12,False,2
S09_20240110_0002,2024-01-10,S09,Kids,5854.0,1.0,Wednesday,10,False,2
S09_20240119_0001,2024-01-19,S09,Accessories,40946.0,2.0,Friday,19,False,3
S09_20240113_0002,2024-01-13,S09,Accessories,18536.0,1.0,Saturday,13,True,2
S09_20240105_0003,2024-01-05,S09,Women's Apparel,63520.0,5.0,Friday,5,False,1
S09_20240105_0004,2024-01-05,S09,Men's Apparel,21296.0,4.0,Friday,5,False,1
S09_20240111_0004,2024-01-11,S09,Footwear,68436.0,3.0,Thursday,11,False,2
S09_20240113_0003,2024-01-13,S09,Footwear,43602.0,3.0,Saturday,13,True,2
S09_20240125_0002,2024-01-25,S09,Accessories,5587.0,1.0,Thursday,25,False,4
S09_20240108_0003,2024-01-08,S09,Men's Apparel,6112.0,1.0,Monday,8,False,2
S09_20240110_0003,2024-01-10,S09,Women's Apparel,19497.0,1.0,Wednesday,10,False,2
S09_20240115_0002,2024-01-15,S09,Accessories,66522.0,3.0,Monday,15,False,3
S09_20240105_0005,2024-01-05,S09,Men's Apparel,19770.0,2.0,Friday,5,False,1
S09_20240101_0004,2024-01-01,S09,Women's Apparel,35826.0,2.0,Monday,1,False,1
S09_20240119_0002,2024-01-19,S09,Accessories,27105.0,3.0,Friday,19,False,3
S09_20240113_0004,2024-01-13,S09,Men's Apparel,13730.0,1.0,Saturday,13,True,2
S09_20240127_0003,2024-01-27,S09,Footwear,47176.0,4.0,Saturday,27,True,4
S09_20240118_0003,2024-01-18,S09,Men's Apparel,13016.0,2.0,Thursday,18,False,3
S09_20240101_0005,2024-01-01,S09,Men's Apparel,14840.0,1.0,Monday,1,False,1
S09_20240120_0001,2024-01-20,S09,Accessories,18724.0,1.0,Saturday,20,True,3
S09_20240104_0002,2024-01-04,S09,Men's Apparel,22964.0,4.0,Thursday,4,False,1
S09_20240125_0003,2024-01-25,S09,Men's Apparel,39456.0,4.0,Thursday,25,False,4
S09_20240118_0004,2024-01-18,S09,Kids,30548.0,4.0,Thursday,18,False,3
S09_20240101_0006,2024-01-01,S09,Footwear,48380.0,2.0,Monday,1,False,1
S09_20240103_0002,2024-01-03,S09,Footwear,62296.0,4.0,Wednesday,3,False,1
S09_20240109_0002,2024-01-09,S09,Kids,5634.0,2.0,Tuesday,9,False,2
S09_20240112_0003,2024-01-12,S09,Men's Apparel,5898.0,1.0,Friday,12,False,2
S09_20240101_0007,2024-01-01,S09,Women's Apparel,34152.0,3.0,Monday,1,False,1
S09_20240128_0003,2024-01-28,S09,Kids,14630.0,2.0,Sunday,28,True,4
S09_20240131_0001,2024-01-31,S09,Women's Apparel,64080.0,5.0,Wednesday,31,False,5
S09_20240122_0002,2024-01-22,S09,Kids,28028.0,4.0,Monday,22,False,4
S09_20240101_0008,2024-01-01,S09,Women's Apparel,13997.0,1.0,Monday,1,False,1
S09_20240102_0008,2024-01-02,S09,Footwear,18296.0,1.0,Tuesday,2,False,1
S09_20240117_0002,2024-01-17,S09,Accessories,37017.0,3.0,Wednesday,17,False,3
S09_20240123_0002,2024-01-23,S09,Accessories,38366.0,2.0,Tuesday,23,False,4
S09_20240122_0003,2024-01-22,S09,Kids,32865.0,5.0,Monday,22,False,4
S09_20240117_0003,2024-01-17,S09,Kids,3354.0,1.0,Wednesday,17,False,3
S09_20240108_0004,2024-01-08,S09,Men's Apparel,24120.0,5.0,Monday,8,False,2
S09_20240113_0005,2024-01-13,S09,Kids,10580.0,4.0,Saturday,13,True,2
S09_20240114_0003,2024-01-14,S09,Footwear,8005.0,1.0,Sunday,14,True,2
S09_20240121_0004,2024-01-21,S09,Men's Apparel,58896.0,4.0,Sunday,21,True,3
S09_20240127_0004,2024-01-27,S09,Footwear,68673.0,3.0,Saturday,27,True,4
S09_20240120_0002,2024-01-20,S09,Kids,31456.0,4.0,Saturday,20,True,3
S09_20240101_0009,2024-01-01,S09,Men's Apparel,43143.0,3.0,Monday,1,False,1
S09_20240123_0003,2024-01-23,S09,Footwear,53516.0,4.0,Tuesday,23,False,4
S09_20240114_0004,2024-01-14,S09,Footwear,28838.0,2.0,Sunday,14,True,2
S09_20240115_0003,2024-01-15,S09,Women's Apparel,31060.0,4.0,Monday,15,False,3
S09_20240119_0003,2024-01-19,S09,Footwear,114935.0,5.0,Friday,19,False,3
S09_20240131_0002,2024-01-31,S09,Kids,6344.0,1.0,Wednesday,31,False,5
S09_20240127_0005,2024-01-27,S09,Accessories,43314.0,2.0,Saturday,27,True,4
S10_20240124_0000,2024-01-24,S10,Women's Apparel,61735.0,5.0,Wednesday,24,False,4
S10_20240117_0000,2024-01-17,S10,Kids,13976.0,2.0,Wednesday,17,False,3
S10_20240110_0000,2024-01-10,S10,Kids,12524.0,4.0,Wednesday,10,False,2
S10_20240117_0001,2024-01-17,S10,Men's Apparel,26138.0,2.0,Wednesday,17,False,3
S10_20240123_0000,2024-01-23,S10,Men's Apparel,12346.0,2.0,Tuesday,23,False,4
S10_20240121_0000,2024-01-21,S10,Men's Apparel,48855.0,5.0,Sunday,21,True,3
S10_20240131_0000,2024-01-31,S10,Kids,17368.0,4.0,Wednesday,31,False,5
S10_20240104_0000,2024-01-04,S10,Footwear,12762.0,1.0,Thursday,4,False,1
S10_20240112_0000,2024-01-12,S10,Kids,35235.0,5.0,Friday,12,False,2
S10_20240121_0001,2024-01-21,S10,Accessories,63925.0,5.0,Sunday,21,True,3
S10_20240110_0001,2024-01-10,S10,Footwear,82796.0,4.0,Wednesday,10,False,2
S10_20240111_0000,2024-01-11,S10,Accessories,16272.0,3.0,Thursday,11,False,2
S10_20240127_0000,2024-01-27,S10,Women's Apparel,91855.0,5.0,Saturday,27,True,4
S10_20240107_0000,2024-01-07,S10,Women's Apparel,26706.0,2.0,Sunday,7,True,1
S10_20240106_0000,2024-01-06,S10,Women's Apparel,12180.0,1.0,Saturday,6,True,1
S10_20240120_0000,2024-01-20,S10,Footwear,71472.0,4.0,Saturday,20,True,3
S10_20240112_0001,2024-01-12,S10,Footwear,30414.0,2.0,Friday,12,False,2
S10_20240112_0002,2024-01-12,S10,Men's Apparel,70645.0,5.0,Friday,12,False,2
S10_20240127_0001,2024-01-27,S10,Footwear,77348.0,4.0,Saturday,27,True,4
S10_20240120_0001,2024-01-20,S10,Accessories,18918.0,3.0,Saturday,20,True,3
S10_20240113_0000,2024-01-13,S10,Men's Apparel,22020.0,5.0,Saturday,13,True,2
S10_20240117_0002,2024-01-17,S10,Accessories,20951.0,1.0,Wednesday,17,False,3
S10_20240107_0001,2024-01-07,S10,Men's Apparel,11144.0,2.0,Sunday,7,True,1
S10_20240118_0000,2024-01-18,S10,Footwear,29812.0,2.0,Thursday,18,False,3
S10_20240127_0002,2024-01-27,S10,Footwear,22261.0,1.0,Saturday,27,True,4
S10_20240127_0003,2024-01-27,S10,Women's Apparel,50712.0,4.0,Saturday,27,True,4
S10_20240114_0000,2024-01-14,S10,Men's Apparel,10381.0,1.0,Sunday,14,True,2
S10_20240124_0001,2024-01-24,S10,Accessories,148855.0,5.0,Wednesday,24,False,4
S10_20240130_0000,2024-01-30,S10,Accessories,43491.0,3.0,Tuesday,30,False,5
S10_20240125_0000,2024-01-25,S10,Kids,5236.0,1.0,Thursday,25,False,4
S10_20240108_0000,2024-01-08,S10,Women's Apparel,95270.0,5.0,Monday,8,False,2
S10_20240105_0000,2024-01-05,S10,Men's Apparel,20910.0,5.0,Friday,5,False,1
S10_20240104_0001,2024-01-04,S10,Footwear,104565.0,5.0,Thursday,4,False,1
S10_20240110_0002,2024-01-10,S10,Women's Apparel,37876.0,4.0,Wednesday,10,False,2
S10_20240105_0001,2024-01-05,S10,Women's Apparel,48085.0,5.0,Friday,5,False,1
S10_20240104_0002,2024-01-04,S10,Women's Apparel,99745.0,5.0,Thursday,4,False,1
S10_20240103_0000,2024-01-03,S10,Men's Apparel,8107.0,1.0,Wednesday,3,False,1
S10_20240116_0000,2024-01-16,S10,Men's Apparel,12200.0,2.0,Tuesday,16,False,3
S10_20240111_0001,2024-01-11,S10,Kids,23445.0,5.0,Thursday,11,False,2
S10_20240119_0000,2024-01-19,S10,Women's Apparel,57699.0,3.0,Friday,19,False,3
S10_20240101_0000,2024-01-01,S10,Men's Apparel,30516.0,4.0,Monday,1,False,1
S10_20240105_0002,2024-01-05,S10,Men's Apparel,46332.0,4.0,Friday,5,False,1
S10_20240124_0002,2024-01-24,S10,Footwear,43050.0,5.0,Wednesday,24,False,4
S10_20240119_0001,2024-01-19,S10,Kids,3742.0,1.0,Friday,19,False,3
S10_20240129_0000,2024-01-29,S10,Accessories,52854.0,2.0,Monday,29,False,5
S10_20240129_0001,2024-01-29,S10,Accessories,37548.0,4.0,Monday,29,False,5
S10_20240113_0001,2024-01-13,S10,Men's Apparel,29714.0,2.0,Saturday,13,True,2
S10_20240122_0000,2024-01-22,S10,Women's Apparel,26620.0,2.0,Monday,22,False,4
S10_20240122_0001,2024-01-22,S10,Women's Apparel,11878.0,1.0,Monday,22,False,4
S10_20240129_0002,2024-01-29,S10,Footwear,18619.0,1.0,Monday,29,False,5
S10_20240121_0002,2024-01-21,S10,Men's Apparel,67400.0,5.0,Sunday,21,True,3
S10_20240121_0003,2024-01-21,S10,Kids,6814.0,1.0,Sunday,21,True,3
S10_20240130_0001,2024-01-30,S10,Women's Apparel,35343.0,3.0,Tuesday,30,False,5
S10_20240129_0003,2024-01-29,S10,Accessories,42888.0,2.0,Monday,29,False,5
S10_20240103_0001,2024-01-03,S10,Accessories,23860.0,2.0,Wednesday,3,False,1
S10_20240120_0002,2024-01-20,S10,Footwear,64758.0,3.0,Saturday,20,True,3
S10_20240122_0002,2024-01-22,S10,Kids,18630.0,5.0,Monday,22,False,4
S10_20240101_0001,2024-01-01,S10,Women's Apparel,40475.0,5.0,Monday,1,False,1
S10_20240119_0002,2024-01-19,S10,Footwear,21618.0,2.0,Friday,19,False,3
S10_20240128_0000,2024-01-28,S10,Kids,15188.0,4.0,Sunday,28,True,4
S10_20240127_0004,2024-01-27,S10,Women's Apparel,26241.0,3.0,Saturday,27,True,4
S10_20240127_0005,2024-01-27,S10,Women's Apparel,35624.0,4.0,Saturday,27,True,4
S10_20240102_0000,2024-01-02,S10,Accessories,29654.0,1.0,Tuesday,2,False,1
S10_20240118_0001,2024-01-18,S10,Footwear,65352.0,3.0,Thursday,18,False,3
S10_20240117_0003,2024-01-17,S10,Kids,23796.0,4.0,Wednesday,17,False,3
S10_20240130_0002,2024-01-30,S10,Accessories,37884.0,2.0,Tuesday,30,False,5
S10_20240130_0003,2024-01-30,S10,Footwear,64170.0,3.0,Tuesday,30,False,5
S10_20240124_0003,2024-01-24,S10,Footwear,59305.0,5.0,Wednesday,24,False,4
S10_20240126_0000,2024-01-26,S10,Men's Apparel,9935.0,1.0,Friday,26,False,4
S10_20240119_0003,2024-01-19,S10,Men's Apparel,51132.0,4.0,Friday,19,False,3
S10_20240109_0000,2024-01-09,S10,Kids,26925.0,5.0,Tuesday,9,False,2
S10_20240106_0001,2024-01-06,S10,Men's Apparel,24471.0,3.0,Saturday,6,True,1
S10_20240113_0002,2024-01-13,S10,Women's Apparel,36504.0,2.0,Saturday,13,True,2
S10_20240131_0001,2024-01-31,S10,Women's Apparel,47565.0,5.0,Wednesday,31,False,5
S10_20240126_0001,2024-01-26,S10,Accessories,27841.0,1.0,Friday,26,False,4
S10_20240101_0002,2024-01-01,S10,Footwear,117275.0,5.0,Monday,1,False,1
S10_20240110_0003,2024-01-10,S10,Accessories,42972.0,4.0,Wednesday,10,False,2
S10_20240128_0001,2024-01-28,S10,Accessories,11381.0,1.0,Sunday,28,True,4
S10_20240117_0004,2024-01-17,S10,Women's Apparel,17043.0,1.0,Wednesday,17,False,3
S10_20240101_0003,2024-01-01,S10,Women's Apparel,42080.0,4.0,Monday,1,False,1
S10_20240113_0003,2024-01-13,S10,Accessories,21965.0,1.0,Saturday,13,True,2
S10_20240130_0004,2024-01-30,S10,Footwear,86610.0,5.0,Tuesday,30,False,5
S10_20240112_0003,2024-01-12,S10,Men's Apparel,27868.0,2.0,Friday,12,False,2
S10_20240119_0004,2024-01-19,S10,Footwear,54940.0,4.0,Friday,19,False,3
S10_20240103_0002,2024-01-03,S10,Accessories,16140.0,1.0,Wednesday,3,False,1
S10_20240129_0004,2024-01-29,S10,Accessories,52784.0,4.0,Monday,29,False,5
S10_20240116_0001,2024-01-16,S10,Women's Apparel,74828.0,4.0,Tuesday,16,False,3
S10_20240128_0002,2024-01-28,S10,Footwear,35427.0,3.0,Sunday,28,True,4
S10_20240122_0003,2024-01-22,S10,Women's Apparel,38271.0,3.0,Monday,22,False,4
S10_20240123_0001,2024-01-23,S10,Men's Apparel,8706.0,1.0,Tuesday,23,False,4
S10_20240127_0006,2024-01-27,S10,Men's Apparel,26170.0,2.0,Saturday,27,True,4
S10_20240107_0002,2024-01-07,S10,Accessories,21978.0,2.0,Sunday,7,True,1
S10_20240108_0001,2024-01-08,S10,Women's Apparel,18774.0,2.0,Monday,8,False,2
S10_20240125_0001,2024-01-25,S10,Accessories,62409.0,3.0,Thursday,25,False,4
S10_20240129_0005,2024-01-29,S10,Accessories,42164.0,2.0,Monday,29,False,5
S10_20240109_0001,2024-01-09,S10,Kids,13448.0,2.0,Tuesday,9,False,2
S10_20240131_0002,2024-01-31,S10,Accessories,64395.0,3.0,Wednesday,31,False,5
S10_20240125_0002,2024-01-25,S10,Women's Apparel,39860.0,5.0,Thursday,25,False,4
S10_20240108_0002,2024-01-08,S10,Men's Apparel,42132.0,3.0,Monday,8,False,2
S10_20240114_0001,2024-01-14,S10,Women's Apparel,52440.0,3.0,Sunday,14,True,2
S10_20240109_0002,2024-01-09,S10,Kids,13360.0,2.0,Tuesday,9,False,2
S10_20240108_0003,2024-01-08,S10,Footwear,78630.0,5.0,Monday,8,False,2
S10_20240107_0003,2024-01-07,S10,Women's Apparel,13749.0,1.0,Sunday,7,True,1
S10_20240105_0003,2024-01-05,S10,Accessories,85833.0,3.0,Friday,5,False,1
S10_20240104_0003,2024-01-04,S10,Kids,12384.0,3.0,Thursday,4,False,1
S10_20240130_0005,2024-01-30,S10,Men's Apparel,17296.0,4.0,Tuesday,30,False,5
S10_20240107_0004,2024-01-07,S10,Accessories,131470.0,5.0,Sunday,7,True,1
S10_20240112_0004,2024-01-12,S10,Men's Apparel,11322.0,1.0,Friday,12,False,2
S10_20240115_0000,2024-01-15,S10,Women's Apparel,49485.0,3.0,Monday,15,False,3
S10_20240119_0005,2024-01-19,S10,Kids,5296.0,2.0,Friday,19,False,3
S10_20240111_0002,2024-01-11,S10,Men's Apparel,55672.0,4.0,Thursday,11,False,2
S10_20240125_0003,2024-01-25,S10,Men's Apparel,21564.0,2.0,Thursday,25,False,4
S10_20240105_0004,2024-01-05,S10,Women's Apparel,18187.0,1.0,Friday,5,False,1
S10_20240104_0004,2024-01-04,S10,Footwear,117525.0,5.0,Thursday,4,False,1
S10_20240125_0004,2024-01-25,S10,Footwear,83000.0,5.0,Thursday,25,False,4
S10_20240130_0006,2024-01-30,S10,Kids,7756.0,2.0,Tuesday,30,False,5
